Date,Anchor_Asset,External_Flow,Calculated_Asset,Prev_Asset,Daily_Return,Cumulative_TWR,Peak_TWR,Drawdown
2025-01-01,15892620.0,0.0,15892620.0,15892620.0,0.0,0.0,0.0,0.0
2025-01-02,,0.0,15877901.0,15892620.0,-0.0009261531452963156,-0.0009261531452963156,0.0,-0.0009261531452963156
2025-01-03,,0.0,15863183.0,15877901.0,-0.0009269487194812909,-0.001852243368305584,0.0,-0.001852243368305584
2025-01-04,,0.0,15848464.0,15863183.0,-0.0009278717896654687,-0.0027783965136020106,0.0,-0.0027783965136020106
2025-01-05,,0.0,15833745.0,15848464.0,-0.0009287335353129755,-0.0037045496588984372,0.0,-0.0037045496588984372
2025-01-06,,0.0,15819027.0,15833745.0,-0.000929533726859999,-0.0046306398819077055,0.0,-0.0046306398819077055
2025-01-07,,0.0,15804308.0,15819027.0,-0.0009304617787174729,-0.005556793027204021,0.0,-0.005556793027204021
2025-01-08,,0.0,15789589.0,15804308.0,-0.0009313283441451103,-0.006482946172500337,0.0,-0.006482946172500337
2025-01-09,,0.0,15774870.0,15789589.0,-0.0009321965251913866,-0.0074090993177967635,0.0,-0.0074090993177967635
2025-01-10,,0.0,15760152.0,15774870.0,-0.0009330029344140067,-0.00833518954080592,0.0,-0.00833518954080592
2025-01-11,,0.0,15745433.0,15760152.0,-0.0009339376929866638,-0.009261342686102236,0.0,-0.009261342686102236
2025-01-12,,0.0,15730714.0,15745433.0,-0.0009348107479800749,-0.010187495831398663,0.0,-0.010187495831398663
2025-01-13,,0.0,15715996.0,15730714.0,-0.0009356218668777894,-0.01111358605440782,0.0,-0.01111358605440782
2025-01-14,,0.0,15701277.0,15715996.0,-0.0009365617043933794,-0.012039739199704136,0.0,-0.012039739199704136
2025-01-15,,0.0,15686558.0,15701277.0,-0.0009374396744926683,-0.012965892345000452,0.0,-0.012965892345000452
2025-01-16,,0.0,15671840.0,15686558.0,-0.0009382555433766759,-0.013891982568009609,0.0,-0.013891982568009609
2025-01-17,,0.0,15657121.0,15671840.0,-0.0009392005023022287,-0.014818135713306035,0.0,-0.014818135713306035
2025-01-18,,0.0,15642402.0,15657121.0,-0.0009400834291311,-0.015744288858602462,0.0,-0.015744288858602462
2025-01-19,,0.0,15627683.0,15642402.0,-0.0009409680175717083,-0.016670442003898778,0.0,-0.016670442003898778
2025-01-20,,0.0,15612965.0,15627683.0,-0.0009417902833068759,-0.017596532226907935,0.0,-0.017596532226907935
2025-01-21,,0.0,15598246.0,15612965.0,-0.0009427421377041778,-0.01852268537220436,0.0,-0.01852268537220436
2025-01-22,,0.0,15583527.0,15598246.0,-0.0009436317391070537,-0.019448838517500677,0.0,-0.019448838517500677
2025-01-23,,0.0,15568809.0,15583527.0,-0.0009444588506825058,-0.020374928740509834,0.0,-0.020374928740509834
2025-01-24,,0.0,15554090.0,15568809.0,-0.0009454159274482343,-0.02130108188580615,0.0,-0.02130108188580615
2025-01-25,,0.0,15539371.0,15554090.0,-0.0009463105845471942,-0.022227235031102466,0.0,-0.022227235031102466
2025-01-26,,0.0,15524653.0,15539371.0,-0.0009471425838278869,-0.023153325254111623,0.0,-0.023153325254111623
2025-01-27,,0.0,15509934.0,15524653.0,-0.000948104927047333,-0.02407947839940805,0.0,-0.02407947839940805
2025-01-28,,0.0,15495215.0,15509934.0,-0.0009490046830631371,-0.025005631544704476,0.0,-0.025005631544704476
2025-01-29,,0.0,15480496.0,15495215.0,-0.0009499061484464777,-0.025931784690000903,0.0,-0.025931784690000903
2025-01-30,,0.0,15465778.0,15480496.0,-0.0009507447306598138,-0.02685787491301006,0.0,-0.02685787491301006
2025-01-31,15151059.0,-300000.0,15151059.0,15465778.0,-0.0009705403837508841,-0.027802348644536123,0.0,-0.027802348644536123
2025-02-01,,0.0,15115631.0,15151059.0,-0.002338318397413719,-0.030075656298622966,0.0,-0.030075656298622966
2025-02-02,,0.0,15080202.0,15115631.0,-0.0023438651022904544,-0.03234902811968654,0.0,-0.03234902811968654
2025-02-03,,800000.0,15844774.0,15080202.0,-0.002230953989124318,-0.034507812915482994,0.0,-0.034507812915482994
2025-02-04,,0.0,15809346.0,15844774.0,-0.002235942273458691,-0.036666597711279336,0.0,-0.036666597711279336
2025-02-05,,0.0,15773918.0,15809346.0,-0.002240952914813854,-0.03882538250707579,0.0,-0.03882538250707579
2025-02-06,,0.0,15738489.0,15773918.0,-0.0022460494596205915,-0.04098422823729675,0.0,-0.04098422823729675
2025-02-07,,-3000000.0,12703061.0,15738489.0,-0.0027811775792246918,-0.04365142139984601,0.0,-0.04365142139984601
2025-02-08,,0.0,12667633.0,12703061.0,-0.00278893410021408,-0.04631861456239528,0.0,-0.04631861456239528
2025-02-09,,0.0,12632204.0,12667633.0,-0.002796812948401617,-0.04898588300983675,0.0,-0.04898588300983675
2025-02-10,,0.0,12596776.0,12632204.0,-0.002804577886804216,-0.051653076172386014,0.0,-0.051653076172386014
2025-02-11,,0.0,12561348.0,12596776.0,-0.0028124656658179426,-0.05432026933493528,0.0,-0.05432026933493528
2025-02-12,,0.0,12525920.0,12561348.0,-0.002820397938183117,-0.05698746249748454,0.0,-0.05698746249748454
2025-02-13,,0.0,12490491.0,12525920.0,-0.002828454915886458,-0.059654730944926126,0.0,-0.059654730944926126
2025-02-14,,0.0,12455063.0,12490491.0,-0.002836397704461757,-0.06232192410747539,0.0,-0.06232192410747539
2025-02-15,,0.0,12419635.0,12455063.0,-0.0028444657405586327,-0.06498911727002465,0.0,-0.06498911727002465
2025-02-16,,0.0,12384206.0,12419635.0,-0.002852660323753531,-0.06765638571746624,0.0,-0.06765638571746624
2025-02-17,,0.0,12348778.0,12384206.0,-0.002860740527087513,-0.0703235788800155,0.0,-0.0703235788800155
2025-02-18,,0.0,12313350.0,12348778.0,-0.002868947842450509,-0.07299077204256477,0.0,-0.07299077204256477
2025-02-19,,0.0,12277922.0,12313350.0,-0.002877202386028177,-0.07565796520511403,0.0,-0.07565796520511403
2025-02-20,,0.0,12242493.0,12277922.0,-0.0028855860136592915,-0.0783252336525555,0.0,-0.0783252336525555
2025-02-21,,0.0,12207065.0,12242493.0,-0.0028938550342646474,-0.08099242681510477,0.0,-0.08099242681510477
2025-02-22,,0.0,12171637.0,12207065.0,-0.0029022537358488476,-0.08365961997765403,0.0,-0.08365961997765403
2025-02-23,,0.0,12136208.0,12171637.0,-0.0029107834878743244,-0.0863268884250955,0.0,-0.0863268884250955
2025-02-24,,0.0,12100780.0,12136208.0,-0.0029191984844030294,-0.08899408158764477,0.0,-0.08899408158764477
2025-02-25,,0.0,12065352.0,12100780.0,-0.0029277451536181553,-0.09166127475019403,0.0,-0.09166127475019403
2025-02-26,,0.0,12029924.0,12065352.0,-0.0029363420147211494,-0.0943284679127433,0.0,-0.0943284679127433
2025-02-27,,0.0,11994495.0,12029924.0,-0.002945072637200341,-0.09699573636018477,0.0,-0.09699573636018477
2025-02-28,11959067.0,0.0,11959067.0,11994495.0,-0.0029536883378583623,-0.09966292952273403,0.0,-0.09966292952273403
2025-03-01,,0.0,11951214.0,11959067.0,-0.0006566565769721144,-0.10025414178155478,0.0,-0.10025414178155478
2025-03-02,,0.0,11943361.0,11951214.0,-0.0006570880581671101,-0.10084535404037542,0.0,-0.10084535404037542
2025-03-03,,0.0,11935508.0,11943361.0,-0.0006575201067773317,-0.10143656629919617,0.0,-0.10143656629919617
2025-03-04,,2.0,11927658.0,11935508.0,-0.0006578688300709068,-0.1020277031740694,0.0,-0.1020277031740694
2025-03-05,,32873.0,11952678.0,11927658.0,-0.0006565762005048548,-0.10261729041287804,0.0,-0.10261729041287804
2025-03-06,,0.0,11944825.0,11952678.0,-0.0006570075760428118,-0.10320687765168657,0.0,-0.10320687765168657
2025-03-07,,0.0,11936972.0,11944825.0,-0.0006574395187873838,-0.1037964648904951,0.0,-0.1037964648904951
2025-03-08,,0.0,11929119.0,11936972.0,-0.0006578720298581198,-0.10438605212930363,0.0,-0.10438605212930363
2025-03-09,,0.0,11921266.0,11929119.0,-0.0006583051103773441,-0.10497563936811216,0.0,-0.10497563936811216
2025-03-10,,0.0,11913414.0,11921266.0,-0.000658654877762177,-0.10556515152895829,0.0,-0.10556515152895829
2025-03-11,,0.0,11905561.0,11913414.0,-0.0006591729289353587,-0.10615473876776682,0.0,-0.10615473876776682
2025-03-12,,0.0,11897708.0,11905561.0,-0.0006596077244911402,-0.10674432600657535,0.0,-0.10674432600657535
2025-03-13,,0.0,11889855.0,11897708.0,-0.0006600430940144619,-0.107333913245384,0.0,-0.107333913245384
2025-03-14,,0.0,11882002.0,11889855.0,-0.0006604790386426362,-0.10792350048419252,0.0,-0.10792350048419252
2025-03-15,,0.0,11874149.0,11882002.0,-0.0006609155595159732,-0.10851308772300106,0.0,-0.10851308772300106
2025-03-16,,0.0,11866297.0,11874149.0,-0.0006612684412162784,-0.10910259988384718,0.0,-0.10910259988384718
2025-03-17,,0.0,11858444.0,11866297.0,-0.0006617902788038643,-0.10969218712265572,0.0,-0.10969218712265572
2025-03-18,,0.0,11850591.0,11858444.0,-0.000662228535210807,-0.11028177436146425,0.0,-0.11028177436146425
2025-03-19,,0.0,11842738.0,11850591.0,-0.0006626673724542398,-0.11087136160027278,0.0,-0.11087136160027278
2025-03-20,,0.0,11834885.0,11842738.0,-0.0006631067916895717,-0.11146094883908131,0.0,-0.11146094883908131
2025-03-21,,0.0,11827032.0,11834885.0,-0.0006635467940753204,-0.11205053607788984,0.0,-0.11205053607788984
2025-03-22,,0.0,11819180.0,11827032.0,-0.0006639028287063198,-0.11264004823873597,0.0,-0.11264004823873597
2025-03-23,,0.0,11811327.0,11819180.0,-0.0006644284967315395,-0.1132296354775445,0.0,-0.1132296354775445
2025-03-24,,300000.0,12103474.0,11811327.0,-0.000648401285837652,-0.11380461852214363,0.0,-0.11380461852214363
2025-03-25,,0.0,12095621.0,12103474.0,-0.0006488219828455488,-0.11437960156674265,0.0,-0.11437960156674265
2025-03-26,,0.0,12087768.0,12095621.0,-0.0006492432261229197,-0.11495458461134167,0.0,-0.11495458461134167
2025-03-27,,0.0,12079915.0,12087768.0,-0.0006496650167342466,-0.11552956765594069,0.0,-0.11552956765594069
2025-03-28,,0.0,12072063.0,12079915.0,-0.0006500045737076743,-0.11610447748227348,0.0,-0.11610447748227348
2025-03-29,,0.0,12064210.0,12072063.0,-0.0006505101903461208,-0.11667946052687261,0.0,-0.11667946052687261
2025-03-30,,0.0,12056357.0,12064210.0,-0.0006509336293052392,-0.11725444357147174,0.0,-0.11725444357147174
2025-03-31,12048504.0,0.0,12048504.0,12056357.0,-0.0006513576198846627,-0.11782942661607076,0.0,-0.11782942661607076
2025-04-01,,0.0,12032458.0,12048504.0,-0.0013317835973660763,-0.11900428691578246,0.0,-0.11900428691578246
2025-04-02,,0.0,12016412.0,12032458.0,-0.001333559610181112,-0.12017914721549428,0.0,-0.12017914721549428
2025-04-03,,0.0,12000367.0,12016412.0,-0.001335257146642399,-0.12135393429693975,0.0,-0.12135393429693975
2025-04-04,,0.0,11984321.0,12000367.0,-0.001337125772903458,-0.12252879459665156,0.0,-0.12252879459665156
2025-04-05,,0.0,11968275.0,11984321.0,-0.0013389160720912452,-0.12370365489636337,0.0,-0.12370365489636337
2025-04-06,,0.0,11952229.0,11968275.0,-0.0013407111718272136,-0.12487851519607518,0.0,-0.12487851519607518
2025-04-07,,0.0,11936183.0,11952229.0,-0.001342511091445786,-0.126053375495787,0.0,-0.126053375495787
2025-04-08,,1400000.0,13320138.0,11936183.0,-0.001203117863634584,-0.1271048362915912,0.0,-0.1271048362915912
2025-04-09,,0.0,13304092.0,13320138.0,-0.0012046421741276347,-0.12815636261938634,0.0,-0.12815636261938634
2025-04-10,,0.0,13288046.0,13304092.0,-0.0012060950871356502,-0.1292078889471816,0.0,-0.1292078889471816
2025-04-11,,0.0,13272000.0,13288046.0,-0.001207551509078142,-0.13025941527497675,0.0,-0.13025941527497675
2025-04-12,,0.0,13255954.0,13272000.0,-0.0012090114526823736,-0.131310941602772,0.0,-0.131310941602772
2025-04-13,,0.0,13239909.0,13255954.0,-0.0012103994929373307,-0.13236240239857622,0.0,-0.13236240239857622
2025-04-14,,0.0,13223863.0,13239909.0,-0.0012119418645550883,-0.13341392872637137,0.0,-0.13341392872637137
2025-04-15,,0.0,13207817.0,13223863.0,-0.0012134124499021404,-0.13446545505416652,0.0,-0.13446545505416652
2025-04-16,,0.0,13191771.0,13207817.0,-0.0012148866084380483,-0.13551698138196178,0.0,-0.13551698138196178
2025-04-17,,0.0,13175725.0,13191771.0,-0.0012163643532017154,-0.13656850770975693,0.0,-0.13656850770975693
2025-04-18,,0.0,13159680.0,13175725.0,-0.0012177698001438753,-0.13761996850556113,0.0,-0.13761996850556113
2025-04-19,,0.0,13143634.0,13159680.0,-0.0012193305612294703,-0.13867149483335628,0.0,-0.13867149483335628
2025-04-20,,0.0,13127588.0,13143634.0,-0.0012208191433206173,-0.13972302116115143,0.0,-0.13972302116115143
2025-04-21,,0.0,13111542.0,13127588.0,-0.0012223113644334038,-0.14077454748894658,0.0,-0.14077454748894658
2025-04-22,,5107.0,13100603.0,13111542.0,-0.0012233307455280507,-0.14182566440234357,0.0,-0.14182566440234357
2025-04-23,,10552.0,13095110.0,13100603.0,-0.001223767089932215,-0.14287586991167245,0.0,-0.14287586991167245
2025-04-24,,0.0,13079064.0,13095110.0,-0.0012253428951722878,-0.14392614087475686,0.0,-0.14392614087475686
2025-04-25,,0.0,13063018.0,13079064.0,-0.0012268462024499494,-0.14497641183784138,0.0,-0.14497641183784138
2025-04-26,,0.0,13046972.0,13063018.0,-0.001228353202912258,-0.1460266828009259,0.0,-0.1460266828009259
2025-04-27,,0.0,13030926.0,13046972.0,-0.0012298639101854247,-0.14707695376401042,0.0,-0.14707695376401042
2025-04-28,,0.0,13014881.0,13030926.0,-0.0012313015974459995,-0.1481271592733393,0.0,-0.1481271592733393
2025-04-29,,0.0,12998835.0,13014881.0,-0.0012328964052763514,-0.1491774302364237,0.0,-0.1491774302364237
2025-04-30,12982789.0,0.0,12982789.0,12998835.0,-0.001234418315179786,-0.15022770119950823,0.0,-0.15022770119950823
2025-05-01,,0.0,12980013.0,12982789.0,-0.00021382154481597304,-0.15040940082517962,0.0,-0.15040940082517962
2025-05-02,,0.0,12977238.0,12980013.0,-0.00021379023272161124,-0.15059103499709525,0.0,-0.15059103499709525
2025-05-03,,0.0,12974462.0,12977238.0,-0.00021391300675843716,-0.15077273462276664,0.0,-0.15077273462276664
2025-05-04,,0.0,12971686.0,12974462.0,-0.00021395877532337515,-0.15095443424843802,0.0,-0.15095443424843802
2025-05-05,,0.0,12968911.0,12971686.0,-0.00021392747249660005,-0.15113606842035365,0.0,-0.15113606842035365
2025-05-06,,0.0,12966135.0,12968911.0,-0.0002140503547291006,-0.15131776804602504,0.0,-0.15131776804602504
2025-05-07,,0.0,12963359.0,12966135.0,-0.00021409618209278225,-0.1514994676716963,0.0,-0.1514994676716963
2025-05-08,,0.0,12960584.0,12963359.0,-0.00021406488858322081,-0.15168110184361194,0.0,-0.15168110184361194
2025-05-09,,0.0,12957808.0,12960584.0,-0.00021418787918814353,-0.15186280146928333,0.0,-0.15186280146928333
2025-05-10,,0.0,12955032.0,12957808.0,-0.0002142337654640336,-0.1520445010949547,0.0,-0.1520445010949547
2025-05-11,,0.0,12952257.0,12955032.0,-0.00021420248132153485,-0.15222613526687045,0.0,-0.15222613526687045
2025-05-12,,2.0,12949483.0,12952257.0,-0.00021432554738132215,-0.15240783486448495,0.0,-0.15240783486448495
2025-05-13,,0.0,12946707.0,12949483.0,-0.00021437149266889666,-0.15258953446209955,0.0,-0.15258953446209955
2025-05-14,,0.0,12943932.0,12946707.0,-0.00021434021794108915,-0.1527711686059685,0.0,-0.1527711686059685
2025-05-15,,8996194.0,21937350.0,12943932.0,-0.00012652616489072788,-0.15287836522078968,0.0,-0.15287836522078968
2025-05-16,,0.0,21934574.0,21937350.0,-0.00012654217578700333,-0.15298556183561085,0.0,-0.15298556183561085
2025-05-17,,0.0,21931798.0,21934574.0,-0.00012655819073581487,-0.15309275845043202,0.0,-0.15309275845043202
2025-05-18,,0.0,21929023.0,21931798.0,-0.00012652861384188085,-0.15319991644975794,0.0,-0.15319991644975794
2025-05-19,,0.0,21926247.0,21929023.0,-0.00012659022702465883,-0.15330711306457911,0.0,-0.15330711306457911
2025-05-20,,0.0,21923471.0,21926247.0,-0.00012660625413918325,-0.15341430967940028,0.0,-0.15341430967940028
2025-05-21,,0.0,21920696.0,21923471.0,-0.0001265766720972561,-0.1535214676787262,0.0,-0.1535214676787262
2025-05-22,,0.0,21917920.0,21920696.0,-0.00012663831476888987,-0.15362866429354738,0.0,-0.15362866429354738
2025-05-23,,0.0,21915144.0,21917920.0,-0.00012665435406278291,-0.15373586090836855,0.0,-0.15373586090836855
2025-05-24,,0.0,21912369.0,21915144.0,-0.00012662476687352875,-0.15384301890769447,0.0,-0.15384301890769447
2025-05-25,,0.0,21909593.0,21912369.0,-0.00012668643906099675,-0.15395021552251564,0.0,-0.15395021552251564
2025-05-26,,0.0,21906817.0,21909593.0,-0.00012670249054835825,-0.1540574121373368,0.0,-0.1540574121373368
2025-05-27,,1.0,21904043.0,21906817.0,-0.00012667289243006863,-0.1541645701317712,0.0,-0.1541645701317712
2025-05-28,,0.0,21901267.0,21904043.0,-0.00012673459415690758,-0.15427176674169907,0.0,-0.15427176674169907
2025-05-29,,0.0,21898491.0,21901267.0,-0.000126750657850061,-0.15437896335162693,0.0,-0.15437896335162693
2025-05-30,,0.0,21895716.0,21898491.0,-0.00012672106036892838,-0.15448612134606132,0.0,-0.15448612134606132
2025-05-31,21892940.0,0.0,21892940.0,21895716.0,-0.00012678279166578044,-0.15459331795598918,0.0,-0.15459331795598918
2025-06-01,,0.0,21928643.0,21892940.0,0.0016307997007254382,-0.1532146289919205,0.0,-0.1532146289919205
2025-06-02,,0.0,21964346.0,21928643.0,0.0016281445231243197,-0.15183594002785195,0.0,-0.15183594002785195
2025-06-03,,0.0,22000048.0,21964346.0,0.001625452449164566,-0.15045728967927685,0.0,-0.15045728967927685
2025-06-04,,0.0,22035751.0,22000048.0,0.0016228600955778827,-0.1490786007152083,0.0,-0.1490786007152083
2025-06-05,,0.0,22071454.0,22035751.0,0.0016202306878490003,-0.1476999117511396,0.0,-0.1476999117511396
2025-06-06,,0.0,22107157.0,22071454.0,0.0016176097868314532,-0.14632122278707094,0.0,-0.14632122278707094
2025-06-07,,0.0,22142860.0,22107157.0,0.00161499735131021,-0.14494253382300237,0.0,-0.14494253382300237
2025-06-08,,0.0,22178563.0,22142860.0,0.001612393340336249,-0.1435638448589338,0.0,-0.1435638448589338
2025-06-09,,0.0,22214265.0,22178563.0,0.0016097526246403593,-0.1421851945103586,0.0,-0.1421851945103586
2025-06-10,,0.0,22249968.0,22214265.0,0.0016072105019004912,-0.14080650554628993,0.0,-0.14080650554628993
2025-06-11,,-150000.0,22135671.0,22249968.0,0.0016155227012093487,-0.1394184589512686,0.0,-0.1394184589512686
2025-06-12,,0.0,22171374.0,22135671.0,0.001612916997185243,-0.13803041235624725,0.0,-0.13803041235624725
2025-06-13,,0.0,22207077.0,22171374.0,0.0016103196851939838,-0.13664236576122601,0.0,-0.13664236576122601
2025-06-14,,0.0,22242780.0,22207077.0,0.001607730724759504,-0.13525431916620467,0.0,-0.13525431916620467
2025-06-15,,0.0,22278482.0,22242780.0,0.0016051051172560893,-0.13386631144877326,0.0,-0.13386631144877326
2025-06-16,,0.0,22314185.0,22278482.0,0.0016025777698858157,-0.1324782648537518,0.0,-0.1324782648537518
2025-06-17,,0.0,22349888.0,22314185.0,0.001600013623620944,-0.13109021825873057,0.0,-0.13109021825873057
2025-06-18,,0.0,22385591.0,22349888.0,0.0015974576695865217,-0.12970217166370923,0.0,-0.12970217166370923
2025-06-19,,1.0,22421295.0,22385591.0,0.0015949097973375626,-0.12831412513069407,0.0,-0.12831412513069407
2025-06-20,,0.0,22456998.0,22421295.0,0.0015923701106470567,-0.1269260785976789,0.0,-0.1269260785976789
2025-06-21,,0.0,22492700.0,22456998.0,0.0015897939697906427,-0.125538070942252,0.0,-0.125538070942252
2025-06-22,,0.0,22528403.0,22492700.0,0.0015873149955318855,-0.12415002440923695,0.0,-0.12415002440923695
2025-06-23,,0.0,22564106.0,22528403.0,0.0015847994196480641,-0.1227619778762219,0.0,-0.1227619778762219
2025-06-24,,0.0,22599809.0,22564106.0,0.001582291804514746,-0.12137393134320673,0.0,-0.12137393134320673
2025-06-25,,0.0,22635512.0,22599809.0,0.001579792112402334,-0.11998588481019168,0.0,-0.11998588481019168
2025-06-26,,0.0,22671215.0,22635512.0,0.0015773003058203727,-0.11859783827717651,0.0,-0.11859783827717651
2025-06-27,,0.0,22706917.0,22671215.0,0.0015747722387176033,-0.11720983062174972,0.0,-0.11720983062174972
2025-06-28,,0.0,22742620.0,22706917.0,0.0015723402697072064,-0.11582178408873467,0.0,-0.11582178408873467
2025-06-29,,0.0,22778323.0,22742620.0,0.0015698718969054948,-0.1144337375557195,0.0,-0.1144337375557195
2025-06-30,24214026.0,1400000.0,24214026.0,22778323.0,0.0014766532815364553,-0.11312606322826324,0.0,-0.11312606322826324
2025-07-01,,0.0,24318145.0,24214026.0,0.004299945824787654,-0.10931255334672862,0.0,-0.10931255334672862
2025-07-02,,0.0,24422265.0,24318145.0,0.004281576575844825,-0.10549900683873892,0.0,-0.10549900683873892
2025-07-03,,0.0,24526384.0,24422265.0,0.004263281886426107,-0.1016854969572043,0.0,-0.1016854969572043
2025-07-04,,0.0,24630504.0,24526384.0,0.004245224245041479,-0.0978719504492146,0.0,-0.0978719504492146
2025-07-05,,0.0,24734623.0,24630504.0,0.004227237899800951,-0.09405844056767998,0.0,-0.09405844056767998
2025-07-06,,0.0,24838743.0,24734623.0,0.004209484009519704,-0.09024489405969027,0.0,-0.09024489405969027
2025-07-07,,0.0,24942862.0,24838743.0,0.004191798272561442,-0.08643138417815577,0.0,-0.08643138417815577
2025-07-08,,0.0,25046982.0,24942862.0,0.004174340538788179,-0.08261783767016606,0.0,-0.08261783767016606
2025-07-09,,0.0,25151101.0,25046982.0,0.004156947930892496,-0.07880432778863133,0.0,-0.07880432778863133
2025-07-10,,0.0,25255221.0,25151101.0,0.004139779010071898,-0.07499078128064163,0.0,-0.07499078128064163
2025-07-11,,0.0,25359340.0,25255221.0,0.004122672298135788,-0.07117727139910712,0.0,-0.07117727139910712
2025-07-12,,0.0,25463460.0,25359340.0,0.00410578508746684,-0.0673637248911173,0.0,-0.0673637248911173
2025-07-13,,0.0,25567579.0,25463460.0,0.004088957274463123,-0.06355021500958269,0.0,-0.06355021500958269
2025-07-14,,0.0,25671699.0,25567579.0,0.004072344902112057,-0.05973666850159298,0.0,-0.05973666850159298
2025-07-15,,0.0,25775818.0,25671699.0,0.0040557892175348,-0.055923158620058366,0.0,-0.055923158620058366
2025-07-16,,0.0,25879938.0,25775818.0,0.004039445033325428,-0.05210961211206855,0.0,-0.05210961211206855
2025-07-17,,0.0,25984057.0,25879938.0,0.004023154924096106,-0.04829610223053382,0.0,-0.04829610223053382
2025-07-18,,0.0,26088177.0,25984057.0,0.004007072490642916,-0.044482555722544115,0.0,-0.044482555722544115
2025-07-19,,0.0,26192296.0,26088177.0,0.003991041612451562,-0.04066904584100939,0.0,-0.04066904584100939
2025-07-20,,0.0,26296416.0,26192296.0,0.003975214696718465,-0.03685549933301957,0.0,-0.03685549933301957
2025-07-21,,0.0,26400535.0,26296416.0,0.003959436905774494,-0.033041989451484954,0.0,-0.033041989451484954
2025-07-22,,0.0,26504655.0,26400535.0,0.003943859471029709,-0.029228442943495136,0.0,-0.029228442943495136
2025-07-23,,0.0,26608774.0,26504655.0,0.003928328816202198,-0.02541493306196063,0.0,-0.02541493306196063
2025-07-24,,0.0,26712894.0,26608774.0,0.003912995014351273,-0.021601386553970925,0.0,-0.021601386553970925
2025-07-25,,0.0,26817013.0,26712894.0,0.0038977057296749607,-0.01778787667243631,0.0,-0.01778787667243631
2025-07-26,,0.0,26921133.0,26817013.0,0.003882609893950617,-0.013974330164446491,0.0,-0.013974330164446491
2025-07-27,,-3264714.0,23760538.0,26921133.0,0.004401300129153185,-0.00963453525645086,0.0,-0.00963453525645086
2025-07-28,,0.0,23864658.0,23760538.0,0.0043820556588407555,-0.005294698667350883,0.0,-0.005294698667350883
2025-07-29,,0.0,23968777.0,23864658.0,0.004362895122989041,-0.0009549037593553633,0.0,-0.0009549037593553633
2025-07-30,,0.0,24072897.0,23968777.0,0.004343984676397961,0.0033849328297446135,0.0033849328297446135,0.0
2025-07-31,24177016.0,0.0,24177016.0,24072897.0,0.004325154550364196,0.0077247277377401335,0.0077247277377401335,0.0
2025-08-01,,0.0,24292109.0,24177016.0,0.004760430319440623,0.012521931085312854,0.012521931085312854,0.0
2025-08-02,,0.0,24407202.0,24292109.0,0.004737875990923568,0.017319134432885575,0.017319134432885575,0.0
2025-08-03,,0.0,24522295.0,24407202.0,0.004715534373829433,0.022116337780458295,0.022116337780458295,0.0
2025-08-04,,1400000.0,26037389.0,24522295.0,0.004439961816652405,0.026654495292380176,0.026654495292380176,0.0
2025-08-05,,0.0,26152482.0,26037389.0,0.0044202972886413505,0.031192613374292577,0.031192613374292577,0.0
2025-08-06,,11.0,26267586.0,26152482.0,0.004400842397701776,0.035730729547426954,0.035730729547426954,0.0
2025-08-07,,0.0,26382679.0,26267586.0,0.00438155984337496,0.04026884572056133,0.04026884572056133,0.0
2025-08-08,,0.0,26497772.0,26382679.0,0.004362445527233971,0.04480696189369593,0.04480696189369593,0.0
2025-08-09,,0.0,26612865.0,26497772.0,0.004343497257052409,0.04934507806683053,0.04934507806683053,0.0
2025-08-10,,0.0,26727958.0,26612865.0,0.004324712878527093,0.053883194239965126,0.053883194239965126,0.0
2025-08-11,,0.0,26843051.0,26727958.0,0.004306090274460939,0.058421310413099725,0.058421310413099725,0.0
2025-08-12,,0.0,26958145.0,26843051.0,0.004287664617557807,0.06295946601622715,0.06295946601622715,0.0
2025-08-13,,500000.0,27573238.0,26958145.0,0.00419157958412697,0.06741494521273528,0.06741494521273528,0.0
2025-08-14,,0.0,27688331.0,27573238.0,0.004174083580608112,0.0718704244092434,0.0718704244092434,0.0
2025-08-15,,0.0,27803424.0,27688331.0,0.004156733029520687,0.07632590360575175,0.07632590360575175,0.0
2025-08-16,,0.0,27918517.0,27803424.0,0.00413952612455204,0.08078138280225988,0.08078138280225988,0.0
2025-08-17,,0.0,28033610.0,27918517.0,0.004122461089176133,0.08523686199876823,0.08523686199876823,0.0
2025-08-18,,0.0,28148703.0,28033610.0,0.004105536176040037,0.08969234119527636,0.08969234119527636,0.0
2025-08-19,,0.0,28263796.0,28148703.0,0.004088749666369962,0.09414782039178449,0.09414782039178449,0.0
2025-08-20,,0.0,28378890.0,28263796.0,0.004072135250339448,0.098603338300284,0.098603338300284,0.0
2025-08-21,,0.0,28493983.0,28378890.0,0.004055584978834625,0.10305881749679213,0.10305881749679213,0.0
2025-08-22,,0.0,28609076.0,28493983.0,0.004039203645204603,0.10751429669330026,0.10751429669330026,0.0
2025-08-23,,0.0,28724169.0,28609076.0,0.004022954114281774,0.11196977588980839,0.11196977588980839,0.0
2025-08-24,,0.0,28839262.0,28724169.0,0.0040068348017308075,0.11642525508631651,0.11642525508631651,0.0
2025-08-25,,0.0,28954355.0,28839262.0,0.003990844148508366,0.12088073428282464,0.12088073428282464,0.0
2025-08-26,,0.0,29069448.0,28954355.0,0.003974980620359281,0.125336213479333,0.125336213479333,0.0
2025-08-27,,0.0,29184541.0,29069448.0,0.003959242707326283,0.12979169267584112,0.12979169267584112,0.0
2025-08-28,,0.0,29299635.0,29184541.0,0.003943663187987001,0.13424721058434042,0.13424721058434042,0.0
2025-08-29,,0.0,29414728.0,29299635.0,0.003928137671339593,0.13870268978084854,0.13870268978084854,0.0
2025-08-30,,0.0,29529821.0,29414728.0,0.003912767780820614,0.1431581689773569,0.1431581689773569,0.0
2025-08-31,29644914.0,0.0,29644914.0,29529821.0,0.003897517699142261,0.14761364817386524,0.14761364817386524,0.0
2025-09-01,,0.0,29586897.0,29644914.0,-0.001957064203323422,0.14536769458377874,0.14761364817386524,-0.001957064203323449
2025-09-02,,0.0,29528880.0,29586897.0,-0.0019609018140699375,0.14312174099369224,0.14761364817386524,-0.003914128406646898
2025-09-03,,0.0,29470863.0,29528880.0,-0.0019647545047424275,0.14087578740360596,0.14761364817386524,-0.005871192609970153
2025-09-04,,1000000.0,30412846.0,29470863.0,-0.001904015649310642,0.13870354205046986,0.14761364817386524,-0.007764029416671318
2025-09-05,,0.0,30354829.0,30412846.0,-0.0019076478406525599,0.13653129669733377,0.14761364817386524,-0.009656866223372482
2025-09-06,,0.0,30296812.0,30354829.0,-0.00191129391636502,0.13435905134419768,0.14761364817386524,-0.011549703030073648
2025-09-07,,0.0,30238795.0,30296812.0,-0.0019149539562116624,0.13218680599106158,0.14761364817386524,-0.013442539836774813
2025-09-08,,0.0,30180778.0,30238795.0,-0.0019186280405684153,0.1300145606379255,0.14761364817386524,-0.015335376643475977
2025-09-09,,0.0,30122761.0,30180778.0,-0.001922316250429379,0.1278423152847894,0.14761364817386524,-0.01722821345017714
2025-09-10,,0.0,30064744.0,30122761.0,-0.001926018667412377,0.1256700699316533,0.14761364817386524,-0.019121050256878307
2025-09-11,,0.0,30006727.0,30064744.0,-0.0019297353737653955,0.12349782457851721,0.14761364817386524,-0.02101388706357947
2025-09-12,,0.0,29948710.0,30006727.0,-0.0019334664523724676,0.12132557922538112,0.14761364817386524,-0.022906723870280636
2025-09-13,,0.0,29890693.0,29948710.0,-0.0019372119867600013,0.11915333387224503,0.14761364817386524,-0.024799560676981802
2025-09-14,,0.0,29832676.0,29890693.0,-0.0019409720611027748,0.11698108851910893,0.14761364817386524,-0.026692397483682965
2025-09-15,,-823692.0,28950966.0,29832676.0,-0.002000001103106497,0.11474712510992169,0.14761364817386524,-0.02863901376237748
2025-09-16,,0.0,28892949.0,28950966.0,-0.0020039745824025346,0.11251320020539501,0.14761364817386524,-0.030585596489135215
2025-09-17,,0.0,28834932.0,28892949.0,-0.002007998560479285,0.11027927530086834,0.14761364817386524,-0.03253217921589295
2025-09-18,,0.0,28776915.0,28834932.0,-0.00201203873135547,0.10804535039634167,0.14761364817386524,-0.03447876194265068
2025-09-19,,-849413.0,27869485.0,28776915.0,-0.002077414585808679,0.10574348082369078,0.14761364817386524,-0.036484549845499106
2025-09-20,,0.0,27811468.0,27869485.0,-0.002081739221230672,0.1034416112510399,0.14761364817386524,-0.03849033774834752
2025-09-21,,0.0,27753451.0,27811468.0,-0.002086081899740022,0.10113974167838924,0.14761364817386524,-0.04049612565119575
2025-09-22,,0.0,27695434.0,27753451.0,-0.0020904427344908827,0.09883787210573858,0.14761364817386524,-0.04250191355404398
2025-09-23,,0.0,27637417.0,27695434.0,-0.0020948218395855367,0.0965360025330877,0.14761364817386524,-0.0445077014568924
2025-09-24,,0.0,27579400.0,27637417.0,-0.0020992193300842787,0.09423413296043681,0.14761364817386524,-0.046513489359740826
2025-09-25,,0.0,27521383.0,27579400.0,-0.00210363532201574,0.09193226338778593,0.14761364817386524,-0.04851927726258924
2025-09-26,,0.0,27463366.0,27521383.0,-0.002108069932386769,0.08963039381513505,0.14761364817386524,-0.050525065165437665
2025-09-27,,0.0,27405349.0,27463366.0,-0.0021125232791930904,0.08732852424248416,0.14761364817386524,-0.05253085306828609
2025-09-28,,0.0,27347332.0,27405349.0,-0.0021169954814295178,0.0850266546698335,0.14761364817386524,-0.054536640971134316
2025-09-29,,0.0,27289315.0,27347332.0,-0.0021214866591008352,0.08272478509718262,0.14761364817386524,-0.05654242887398274
2025-09-30,27231298.0,0.0,27231298.0,27289315.0,-0.0021259969332318995,0.08042291552453174,0.14761364817386524,-0.058548216776831155
2025-10-01,,0.0,27207353.0,27231298.0,-0.0008793190835045817,0.07947287903665545,0.14761364817386524,-0.059376053296018624
2025-10-02,,0.0,27183409.0,27207353.0,-0.0008800562112749599,0.07852288222455628,0.14761364817386524,-0.06020385524278952
2025-10-03,,0.0,27159464.0,27183409.0,-0.0008808681795575701,0.07757284573668,0.14761364817386524,-0.06103169176197699
2025-10-04,,0.0,27135520.0,27159464.0,-0.0008816079728229953,0.07662284892458104,0.14761364817386524,-0.06185949370874769
2025-10-05,,0.0,27111575.0,27135520.0,-0.0008824227433268383,0.07567281243670476,0.14761364817386524,-0.06268733022793516
2025-10-06,,0.0,27087630.0,27111575.0,-0.000883202100947611,0.07472277594882848,0.14761364817386524,-0.06351516674712263
2025-10-07,,0.0,27063686.0,27087630.0,-0.0008839459192259147,0.0737727791367293,0.14761364817386524,-0.06434296869389351
2025-10-08,,0.0,27039741.0,27063686.0,-0.0008847649207872621,0.0728227426488528,0.14761364817386524,-0.06517080521308118
2025-10-09,,0.0,27015796.0,27039741.0,-0.0008855484229675081,0.07187270616097652,0.14761364817386524,-0.06599864173226865
2025-10-10,,0.0,26991852.0,27015796.0,-0.0008862962986543321,0.07092270934887734,0.14761364817386524,-0.06682644367903953
2025-10-11,,0.0,26967907.0,26991852.0,-0.0008871195648227914,0.06997267286100084,0.14761364817386524,-0.0676542801982272
2025-10-12,,0.0,26943963.0,26967907.0,-0.0008878701635984809,0.06902267604890189,0.14761364817386524,-0.0684820821449979
2025-10-13,,0.0,26920018.0,26943963.0,-0.0008886962916331287,0.0680726395610256,0.14761364817386524,-0.06930991866418536
2025-10-14,,0.0,26896073.0,26920018.0,-0.000889486775231707,0.06712260307314932,0.14761364817386524,-0.07013775518337283
2025-10-15,,0.0,26872129.0,26896073.0,-0.0008902414861827745,0.06617260626105015,0.14761364817386524,-0.07096555713014373
2025-10-16,,0.0,26848184.0,26872129.0,-0.0008910719355358365,0.06522256977317387,0.14761364817386524,-0.07179339364933118
2025-10-17,,0.0,26824240.0,26848184.0,-0.0008918294064135246,0.06427257296107469,0.14761364817386524,-0.07262119559610208
2025-10-18,,0.0,26800295.0,26824240.0,-0.0008926627557761524,0.06332253647319819,0.14761364817386524,-0.07344903211528975
2025-10-19,,0.0,26776350.0,26800295.0,-0.0008934603145226427,0.062372499985321905,0.14761364817386524,-0.07427686863447722
2025-10-20,,0.0,26752406.0,26776350.0,-0.0008942219533282225,0.06142250317322295,0.14761364817386524,-0.07510467058124791
2025-10-21,,0.0,26728461.0,26752406.0,-0.0008950596817347556,0.06047246668534667,0.14761364817386524,-0.07593250710043538
2025-10-22,,0.0,26704517.0,26728461.0,-0.0008958241179691795,0.05952246987324772,0.14761364817386524,-0.07676030904720609
2025-10-23,,1400000.0,28080572.0,26704517.0,-0.0008519982748680377,0.05861975855673185,0.14761364817386524,-0.0775469076711875
2025-10-24,,0.0,28056627.0,28080572.0,-0.000852724794922266,0.05771704724021598,0.14761364817386524,-0.07833350629516894
2025-10-25,,0.0,28032683.0,28056627.0,-0.0008534169128741054,0.05681437362306596,0.14761364817386524,-0.07912007206892598
2025-10-26,,0.0,28008738.0,28032683.0,-0.0008541815280399545,0.05591166230655009,0.14761364817386524,-0.07990667069290741
2025-10-27,,0.0,27984793.0,28008738.0,-0.0008549117778887672,0.05500895099003422,0.14761364817386524,-0.08069326931688883
2025-10-28,,0.0,27960849.0,27984793.0,-0.0008556075437112787,0.054106277372884204,0.14761364817386524,-0.08147983509064588
2025-10-29,,0.0,27936904.0,27960849.0,-0.0008563759991694342,0.053203566056368334,0.14761364817386524,-0.0822664337146273
2025-10-30,,0.0,27912960.0,27936904.0,-0.0008570742126614572,0.052300892439218316,0.14761364817386524,-0.08305299948838435
2025-10-31,27889015.0,0.0,27889015.0,27912960.0,-0.0008578452446461604,0.05139818112270245,0.14761364817386524,-0.08383959811236577
2025-11-01,,0.0,27986405.0,27889015.0,0.003492055922376558,0.055069722367868,0.14761364817386524,-0.0806403147551071
2025-11-02,,0.0,28083795.0,27986405.0,0.003479903903341741,0.058741263613033556,0.14761364817386524,-0.07744103139784843
2025-11-03,,0.0,28181184.0,28083795.0,0.0034678005590056404,0.06241276715883326,0.14761364817386524,-0.07424178089081415
2025-11-04,,676.0,28279250.0,28181184.0,0.003455769065632941,0.06608422033451422,0.14761364817386524,-0.0710425742749612
2025-11-05,,0.0,28376640.0,28279250.0,0.0034438678536383716,0.0697556735101954,0.14761364817386524,-0.06784336765910808
2025-11-06,,0.0,28474030.0,28376640.0,0.0034320483327130447,0.07342712668587636,0.14761364817386524,-0.06464416104325513
2025-11-07,,0.0,28571419.0,28474030.0,0.003420274544909896,0.07709854216309586,0.14761364817386524,-0.06144498727683851
2025-11-08,,0.0,28668809.0,28571419.0,0.0034086511418980336,0.08076999533877682,0.14761364817386524,-0.05824578066098557
2025-11-09,,0.0,28766199.0,28668809.0,0.0033970717095364034,0.084441448514458,0.14761364817386524,-0.05504657404513243
2025-11-10,,0.0,28863589.0,28766199.0,0.0033855706831480425,0.08811290169013919,0.14761364817386524,-0.0518473674292793
2025-11-11,,0.0,28960978.0,28863589.0,0.003374112623347081,0.09178431716735869,0.14761364817386524,-0.04864819366286268
2025-11-12,,0.0,29058368.0,28960978.0,0.003362800800442489,0.09545577034303965,0.14761364817386524,-0.04544898704700974
2025-11-13,,0.0,29155758.0,29058368.0,0.0033515302717619377,0.09912722351872061,0.14761364817386524,-0.0422497804311568
2025-11-14,,0.0,29253148.0,29155758.0,0.0033403350377649854,0.10279867669440157,0.14761364817386524,-0.03905057381530386
2025-11-15,,0.0,29350537.0,29253148.0,0.0033291801620802808,0.10647009217162107,0.14761364817386524,-0.03585140004888724
2025-11-16,,0.0,29447927.0,29350537.0,0.0033181675687909973,0.11014154534730203,0.14761364817386524,-0.0326521934330343
2025-11-17,,2.0,29545319.0,29447927.0,0.003307193521147056,0.1138129982736309,0.14761364817386524,-0.029452987034460136
2025-11-18,,0.0,29642709.0,29545319.0,0.0032962920454506772,0.11748445119995976,0.14761364817386524,-0.026253780635885973
2025-11-19,,0.0,29740099.0,29642709.0,0.003285462202526679,0.1211559041262884,0.14761364817386524,-0.023054574237312005
2025-11-20,,0.0,29837488.0,29740099.0,0.0032746696640115758,0.12482731935415825,0.14761364817386524,-0.019855400688172042
2025-11-21,,0.0,29934878.0,29837488.0,0.003264014718665331,0.12849877228048712,0.14761364817386524,-0.01665619428959788
2025-11-22,,0.0,30032268.0,29934878.0,0.0032533955875817533,0.13217022520681598,0.14761364817386524,-0.013456987891023718
2025-11-23,,0.0,30129658.0,30032268.0,0.0032428453288975145,0.13584167813314485,0.14761364817386524,-0.010257781492449557
2025-11-24,,0.0,30227047.0,30129658.0,0.0032323300848617897,0.13951309336101447,0.14761364817386524,-0.007058607943309788
2025-11-25,,0.0,30324437.0,30227047.0,0.0032219488724782863,0.14318454628734334,0.14761364817386524,-0.0038594015447356257
2025-11-26,,0.0,30421827.0,30324437.0,0.0032116012574281427,0.1468559992136722,0.14761364817386524,-0.0006601951461614639
2025-11-27,,0.0,30519217.0,30421827.0,0.0032013198944298438,0.15052745214000107,0.15052745214000107,0.0
2025-11-28,,0.0,30616606.0,30519217.0,0.0031910713829912396,0.15419886736787092,0.15419886736787092,0.0
2025-11-29,,0.0,30713996.0,30616606.0,0.003180953499548611,0.15787032029419978,0.15787032029419978,0.0
2025-11-30,30811386.0,0.0,30811386.0,30713996.0,0.0031708671186907456,0.16154177322052865,0.16154177322052865,0.0
2025-12-01,,0.0,30764628.0,30811386.0,-0.00151755588015412,0.1597790686725331,0.16154177322052865,-0.0015175558801541933
2025-12-02,,0.0,30717871.0,30764628.0,-0.001519829851347465,0.1580164018229966,0.16154177322052865,-0.003035079304773949
2025-12-03,,0.0,30671113.0,30717871.0,-0.0015221758044364764,0.15625369727500105,0.16154177322052865,-0.004552635184928142
2025-12-04,,0.0,30624356.0,30671113.0,-0.0015244637519349347,0.15449103042546453,0.16154177322052865,-0.006070158609547898
2025-12-05,,0.0,30577598.0,30624356.0,-0.0015268239436611042,0.15272832587746898,0.16154177322052865,-0.007587714489702091
2025-12-06,,0.0,30530840.0,30577598.0,-0.0015291586997775442,0.15096562132947344,0.16154177322052865,-0.009105270369856285
2025-12-07,,0.0,30484083.0,30530840.0,-0.0015314678534884552,0.14920295447993692,0.16154177322052865,-0.01062279379447604
2025-12-08,,5.0,30437330.0,30484083.0,-0.001533849397101883,0.1474402502210601,0.16154177322052865,-0.01214034942572078
2025-12-09,,0.0,30390572.0,30437330.0,-0.0015362057052967781,0.1456775459621833,0.16154177322052865,-0.013657905056965519
2025-12-10,,1300000.0,31643815.0,30390572.0,-0.0014754230374889321,0.1439871869173368,0.16154177322052865,-0.015113176906689653
2025-12-11,,0.0,31597057.0,31643815.0,-0.00147763472893514,0.14229679172049092,0.16154177322052865,-0.01656847988056294
2025-12-12,,0.0,31550300.0,31597057.0,-0.0014797897158587148,0.14060643267564443,0.16154177322052865,-0.01802375173028707
2025-12-13,,0.0,31503542.0,31550300.0,-0.0014820144340941255,0.13891603747879855,0.16154177322052865,-0.019479054704160358
2025-12-14,,0.0,31456784.0,31503542.0,-0.0014842140607554954,0.13722564228195266,0.16154177322052865,-0.020934357678033644
2025-12-15,,1.0,31410028.0,31456784.0,-0.001486388389658977,0.1355352832908423,0.16154177322052865,-0.02238962948149502
2025-12-16,,0.0,31363270.0,31410028.0,-0.001488632865911499,0.13384488814773343,0.16154177322052865,-0.02384493240910478
2025-12-17,,0.0,31316513.0,31363270.0,-0.0014908203130604702,0.13215452915662307,0.16154177322052865,-0.025300204212566155
2025-12-18,,0.0,31269755.0,31316513.0,-0.0014930781086642808,0.1304641340135142,0.16154177322052865,-0.026755507140175917
2025-12-19,,0.0,31222997.0,31269755.0,-0.0014953107243724784,0.12877373887040533,0.16154177322052865,-0.02821081006778568
2025-12-20,,0.0,31176240.0,31222997.0,-0.0014975179993130805,0.12708337987929497,0.16154177322052865,-0.029666081871247058
2025-12-21,,0.0,31129482.0,31176240.0,-0.001499795998491149,0.1253929847361861,0.16154177322052865,-0.031121384798856816
2025-12-22,,0.0,31082725.0,31129482.0,-0.0015020166413305391,0.12370262574507573,0.16154177322052865,-0.03257665660231819
2025-12-23,,0.0,31035967.0,31082725.0,-0.0015043082612609116,0.12201223060196686,0.16154177322052865,-0.034031959529927956
2025-12-24,,0.0,30989209.0,31035967.0,-0.0015065746138988034,0.120321835458858,0.16154177322052865,-0.035487262457537715
2025-12-25,,0.0,30942452.0,30989209.0,-0.0015088155364016975,0.11863147646774763,0.16154177322052865,-0.036942534260999096
2025-12-26,,6.0,30895700.0,30942452.0,-0.001511127525809397,0.11694108165242034,0.16154177322052865,-0.038397836906413595
2025-12-27,,0.0,30848942.0,30895700.0,-0.0015134144881002731,0.11525068683709327,0.16154177322052865,-0.03985313955182791
2025-12-28,,0.0,30802185.0,30848942.0,-0.0015156759671044462,0.11356032817375761,0.16154177322052865,-0.04130841107309995
2025-12-29,,0.0,30755427.0,30802185.0,-0.0015180091931790152,0.11186993335843032,0.16154177322052865,-0.04276371371851446
2025-12-30,,0.0,30708670.0,30755427.0,-0.0015202845338483373,0.11017957469509443,0.16154177322052865,-0.04421898523978669
2025-12-31,30661912.0,0.0,30661912.0,30708670.0,-0.001522631882136194,0.10848917987976736,0.16154177322052865,-0.04567428788520101
2026-01-01,,0.0,30747179.0,30661912.0,0.002780876808986976,0.11157175173310807,0.16154177322052865,-0.04302042564416092
2026-01-02,,0.0,30832446.0,30747179.0,0.002773164978809861,0.11465432358644856,0.16154177322052865,-0.040366563403121024
2026-01-03,,0.0,30917713.0,30832446.0,0.0027654958027008014,0.11773689543978927,0.16154177322052865,-0.03771270116208093
2026-01-04,,0.0,31002980.0,30917713.0,0.002757868927756757,0.12081946729312998,0.16154177322052865,-0.03505883892104085
2026-01-05,,0.0,31088247.0,31002980.0,0.0027502840049569155,0.12390203914647069,0.16154177322052865,-0.03240497668000076
2026-01-06,,0.0,31173514.0,31088247.0,0.002742740689109846,0.12698461099981118,0.16154177322052865,-0.029751114438960863
2026-01-07,,0.0,31258781.0,31173514.0,0.0027352386388008743,0.13006718285315189,0.16154177322052865,-0.027097252197920776
2026-01-08,,0.0,31344048.0,31258781.0,0.002727777516340124,0.1331497547064926,0.16154177322052865,-0.02444338995688069
2026-01-09,,0.0,31429315.0,31344048.0,0.0027203569877125577,0.13623232655983308,0.16154177322052865,-0.02178952771584079
2026-01-10,,0.0,31514582.0,31429315.0,0.0027129767225280155,0.1393148984131738,0.16154177322052865,-0.019135665474800702
2026-01-11,,0.0,31599849.0,31514582.0,0.002705636393971478,0.1423974702665145,0.16154177322052865,-0.016481803233760615
2026-01-12,,0.0,31685116.0,31599849.0,0.002698335678755992,0.1454800421198552,0.16154177322052865,-0.013827940992720526
2026-01-13,,0.0,31770383.0,31685116.0,0.002691074257073822,0.1485626139731957,0.16154177322052865,-0.01117407875168063
2026-01-14,,-100000.0,31755650.0,31770383.0,0.002692326139535517,0.15165491912168894,0.16154177322052865,-0.008511836876453526
2026-01-15,,0.0,31840917.0,31755650.0,0.0026850969827416638,0.15474722427018217,0.16154177322052865,-0.005849595001226423
2026-01-16,,0.0,31926185.0,31840917.0,0.0026779379500909695,0.1578395656848175,0.16154177322052865,-0.0031873219035819036
2026-01-17,,0.0,32011452.0,31926185.0,0.0026707544293187446,0.16093187083331073,0.16154177322052865,-0.0005250800283548
2026-01-18,,0.0,32096719.0,32011452.0,0.0026636404996562835,0.16402417598180397,0.16402417598180397,0.0
2026-01-19,,-277572.0,31904414.0,32096719.0,0.0026797387120403027,0.16714345662793328,0.16714345662793328,0.0
2026-01-20,,0.0,31989681.0,31904414.0,0.0026725769042490466,0.1702627372740626,0.1702627372740626,0.0
2026-01-21,,0.0,32074948.0,31989681.0,0.0026654532753858096,0.1733820179201917,0.1733820179201917,0.0
2026-01-22,,0.0,32160215.0,32074948.0,0.0026583675209699287,0.1765012985663208,0.1765012985663208,0.0
2026-01-23,,0.0,32245482.0,32160215.0,0.0026513193397494916,0.17962057921245012,0.17962057921245012,0.0
2026-01-24,,0.0,32330749.0,32245482.0,0.002644308433658926,0.1827398598585792,0.1827398598585792,0.0
2026-01-25,,0.0,32416016.0,32330749.0,0.0026373345077777,0.1858591405047083,0.1858591405047083,0.0
2026-01-26,,0.0,32501283.0,32416016.0,0.0026303972702876877,0.18897842115083763,0.18897842115083763,0.0
2026-01-27,,0.0,32586550.0,32501283.0,0.0026234964324332033,0.19209770179696695,0.19209770179696695,0.0
2026-01-28,,0.0,32671817.0,32586550.0,0.002616631708481032,0.19521698244309627,0.19521698244309627,0.0
2026-01-29,,0.0,32757084.0,32671817.0,0.002609802815680462,0.19833626308922536,0.19833626308922536,0.0
2026-01-30,,0.0,32842351.0,32757084.0,0.002603009474225537,0.20145554373535468,0.20145554373535468,0.0
2026-01-31,32927618.0,0.0,32927618.0,32842351.0,0.002596251407215089,0.204574824381484,0.204574824381484,0.0
2026-02-01,,0.0,33089066.0,32927618.0,0.004903118105901161,0.21048099701282164,0.21048099701282164,0.0
2026-02-02,,0.0,33250514.0,33089066.0,0.004879194837352108,0.2163871696441595,0.2163871696441595,0.0
2026-02-03,,0.0,33411961.0,33250514.0,0.004855473813126565,0.22229330569298988,0.22229330569298988,0.0
2026-02-04,,-144986.0,33428423.0,33411961.0,0.004853101311435681,0.22822521893780756,0.22822521893780756,0.0
2026-02-05,,0.0,33589871.0,33428423.0,0.004829662470168028,0.23415713218262546,0.23415713218262546,0.0
2026-02-06,,0.0,33751319.0,33589871.0,0.004806448944087993,0.24008904542744336,0.24008904542744336,0.0
2026-02-07,,0.0,33912767.0,33751319.0,0.004783457499838661,0.24602095867226104,0.24602095867226104,0.0
2026-02-08,,0.0,34074215.0,33912767.0,0.00476068496563542,0.2519528719170787,0.2519528719170787,0.0
2026-02-09,,6.0,34235668.0,34074215.0,0.00473809804778802,0.25788474737543154,0.25788474737543154,0.0
2026-02-10,,0.0,34397116.0,34235668.0,0.004715783550652386,0.2638166595757212,0.2638166595757212,0.0
2026-02-11,34558564.0,0.0,34558564.0,34397116.0,0.004693649316413584,0.26974857177601086,0.26974857177601086,0.0
2026-02-12,,0.0,34558564.0,34558564.0,0.0,0.26974857177601086,0.26974857177601086,0.0
2026-02-13,,0.0,34558564.0,34558564.0,0.0,0.26974857177601086,0.26974857177601086,0.0
2026-02-14,,0.0,34558564.0,34558564.0,0.0,0.26974857177601086,0.26974857177601086,0.0
