Date,SPY,S&P 500_TWR,QQQ,Nasdaq 100_TWR,IWM,Russell 2000_TWR
2025-01-01,577.8541870117188,0.0,507.6553955078125,0.0,218.68077087402344,0.0
2025-01-02,577.8541870117188,0.0,507.6553955078125,0.0,218.68077087402344,0.0
2025-01-03,585.0792846679688,0.012503323188871374,515.9633178710938,0.0163652793544542,221.93417358398438,0.014877406444826935
2025-01-04,585.0792846679688,0.012503323188871374,515.9633178710938,0.0163652793544542,221.93417358398438,0.014877406444826935
2025-01-05,585.0792846679688,0.012503323188871374,515.9633178710938,0.0163652793544542,221.93417358398438,0.014877406444826935
2025-01-06,588.4496459960938,0.018335869536859617,521.8931274414062,0.028046056556439547,222.02316284179688,0.015284343266280587
2025-01-07,581.7977905273438,0.006824565096635649,512.5803833007812,0.0097014388826544,220.24317932128906,0.00714469974209897
2025-01-08,582.6478881835938,0.008295693411282334,512.669921875,0.009877815564574899,219.2444305419922,0.0025775456420604748
2025-01-09,582.6478881835938,0.008295693411282334,512.669921875,0.009877815564574899,219.2444305419922,0.0025775456420604748
2025-01-10,573.7523193359375,-0.007098447615294434,504.6307067871094,-0.005958153399861943,214.418701171875,-0.019489915300343053
2025-01-11,573.7523193359375,-0.007098447615294434,504.6307067871094,-0.005958153399861943,214.418701171875,-0.019489915300343053
2025-01-12,573.7523193359375,-0.007098447615294434,504.6307067871094,-0.005958153399861943,214.418701171875,-0.019489915300343053
2025-01-13,574.6419067382812,-0.005558980700735794,503.0089416503906,-0.009152771542542126,214.8340301513672,-0.017590667470585575
2025-01-14,575.4325561523438,-0.004190729969264506,502.5313415527344,-0.010093567408955617,217.2765655517578,-0.006421256503959194
2025-01-15,585.8997192382812,0.013923118335732232,514.0927124023438,0.012680485525209395,221.54849243164062,0.013113734445673764
2025-01-16,584.77294921875,0.01197319732649249,510.4910583496094,0.005585802626918435,221.99351501464844,0.01514876743567628
2025-01-17,590.6439819335938,0.022133256467371742,519.1072387695312,0.022558301089784294,222.95272827148438,0.019535130502726705
2025-01-18,590.6439819335938,0.022133256467371742,519.1072387695312,0.022558301089784294,222.95272827148438,0.019535130502726705
2025-01-19,590.6439819335938,0.022133256467371742,519.1072387695312,0.022558301089784294,222.95272827148438,0.019535130502726705
2025-01-20,590.6439819335938,0.022133256467371742,519.1072387695312,0.022558301089784294,222.95272827148438,0.019535130502726705
2025-01-21,596.0504760742188,0.0314894128510157,522.15185546875,0.02855570942260255,227.23455810546875,0.03911540643129041
2025-01-22,599.401123046875,0.03728784271094887,528.8280029296875,0.04170665299577059,225.75123596191406,0.032332358531714345
2025-01-23,602.6726684570312,0.04294938412345384,529.9522705078125,0.0439212804538327,226.77969360351562,0.037035367568544864
2025-01-24,600.9132690429688,0.03990467240619355,526.9574584960938,0.03802197939602947,226.1468048095703,0.03414124573325128
2025-01-25,600.9132690429688,0.03990467240619355,526.9574584960938,0.03802197939602947,226.1468048095703,0.03414124573325128
2025-01-26,600.9132690429688,0.03990467240619355,526.9574584960938,0.03802197939602947,226.1468048095703,0.03414124573325128
2025-01-27,592.4132080078125,0.02519497361675871,511.6153259277344,0.0078004300849805475,223.98117065429688,0.02423806976301024
2025-01-28,597.5034790039062,0.03400389308209517,519.1769409179688,0.0226956031830039,224.22836303710938,0.025368449822603667
2025-01-29,594.8248901367188,0.02936848690629268,518.2018432617188,0.020774816631972337,223.71417236328125,0.023017119745555537
2025-01-30,598.017333984375,0.034893139871369216,520.4105834960938,0.025125681911687625,225.98858642578125,0.03341773271856474
2025-01-31,594.834716796875,0.02938549233841914,519.6544799804688,0.023636278819913814,223.96136474609375,0.024147499805148964
2025-02-01,594.834716796875,0.02938549233841914,519.6544799804688,0.023636278819913814,223.96136474609375,0.024147499805148964
2025-02-02,594.834716796875,0.02938549233841914,519.6544799804688,0.023636278819913814,223.96136474609375,0.024147499805148964
2025-02-03,590.831787109375,0.022458260906212058,515.4955444335938,0.015443840438135625,221.34085083007812,0.012164215195615391
2025-02-04,594.7952270507812,0.02931715373850685,521.8235473632812,0.027908994922227093,224.40635681152344,0.026182393242057733
2025-02-05,597.2068481445312,0.033490561404238894,524.1915283203125,0.032573538977082483,226.84889221191406,0.037351804208684
2025-02-06,599.2825317382812,0.037082615663608376,526.9276123046875,0.03796318716872271,226.10723876953125,0.03396031514716946
2025-02-07,593.7969970703125,0.027589676456338363,520.2813110351562,0.024871035822861653,223.48670959472656,0.021976960761089126
2025-02-08,593.7969970703125,0.027589676456338363,520.2813110351562,0.024871035822861653,223.48670959472656,0.021976960761089126
2025-02-09,593.7969970703125,0.027589676456338363,520.2813110351562,0.024871035822861653,223.48670959472656,0.021976960761089126
2025-02-10,597.82958984375,0.03456824105633105,526.579345703125,0.03727715762063899,224.49539184570312,0.026589539393151895
2025-02-11,598.2843017578125,0.03535513838143989,525.3257446289062,0.034807763844247,223.19004821777344,0.020620365136483354
2025-02-12,596.3568725585938,0.032019644337196285,525.6341552734375,0.03541528352641787,221.13316345214844,0.011214486615916286
2025-02-13,602.6528930664062,0.04291516201159684,533.1958618164062,0.050310636968696754,223.62515258789062,0.02261004337100836
2025-02-14,602.623291015625,0.04286393446761316,535.4345092773438,0.054720414705222487,223.45706176757812,0.02184138493048482
2025-02-15,602.623291015625,0.04286393446761316,535.4345092773438,0.054720414705222487,223.45706176757812,0.02184138493048482
2025-02-16,602.623291015625,0.04286393446761316,535.4345092773438,0.054720414705222487,223.45706176757812,0.02184138493048482
2025-02-17,602.623291015625,0.04286393446761316,535.4345092773438,0.054720414705222487,223.45706176757812,0.02184138493048482
2025-02-18,604.3925170898438,0.04592565161700013,536.6483154296875,0.05711141884520532,224.68325805664062,0.027448628238442963
2025-02-19,605.8157958984375,0.04838869305649185,536.797607421875,0.05740550021124324,223.9119415283203,0.02392149356977713
2025-02-20,603.29541015625,0.044027063775545994,534.5191650390625,0.05291733283830835,221.7660369873047,0.014108538674662885
2025-02-21,592.9765625,0.026169881309477505,523.4254150390625,0.031064418246702807,215.37791442871094,-0.015103552233292628
2025-02-22,592.9765625,0.026169881309477505,523.4254150390625,0.031064418246702807,215.37791442871094,-0.015103552233292628
2025-02-23,592.9765625,0.026169881309477505,523.4254150390625,0.031064418246702807,215.37791442871094,-0.015103552233292628
2025-02-24,590.2782592773438,0.02150035864561972,517.2467651367188,0.01889346535815295,213.8253631591797,-0.02220317632610158
2025-02-25,587.3427124023438,0.016420276263279243,510.7297668457031,0.006056020215869706,213.01449584960938,-0.025911171804302136
2025-02-26,587.6392211914062,0.016933396693531444,511.9635009765625,0.00848627928880874,213.28146362304688,-0.024690361339941402
2025-02-27,578.2593994140625,0.0007012364216640865,497.74560546875,-0.019520702678929802,210.02806091308594,-0.03956776778476834
2025-02-28,587.2833862304688,0.01631760992770781,505.6058044433594,-0.0040373668488303815,212.26292419433594,-0.029348015621294188
2025-03-01,587.2833862304688,0.01631760992770781,505.6058044433594,-0.0040373668488303815,212.26292419433594,-0.029348015621294188
2025-03-02,587.2833862304688,0.01631760992770781,505.6058044433594,-0.0040373668488303815,212.26292419433594,-0.029348015621294188
2025-03-03,576.9942626953125,-0.001488133746773035,494.5419006347656,-0.025831489213129166,206.45822143554688,-0.05589220025896868
2025-03-04,570.1644897460938,-0.01330733156990871,493.0494384765625,-0.028771401152231424,204.12445068359375,-0.066564243999374
2025-03-05,576.29248046875,-0.0027025962224914712,499.4768371582031,-0.016110452921372587,206.15167236328125,-0.05729401108595822
2025-03-06,566.0626220703125,-0.020405779185203254,485.736572265625,-0.043176578907945795,202.99713134765625,-0.07171933528349483
2025-03-07,569.2353515625,-0.014915242708181564,489.30841064453125,-0.03614062812220997,203.65968322753906,-0.06868956784105018
2025-03-08,569.2353515625,-0.014915242708181564,489.30841064453125,-0.03614062812220997,203.65968322753906,-0.06868956784105018
2025-03-09,569.2353515625,-0.014915242708181564,489.30841064453125,-0.03614062812220997,203.65968322753906,-0.06868956784105018
2025-03-10,554.0734252929688,-0.04115356824137317,470.3446350097656,-0.07349623549400985,198.5372772216797,-0.09211369418460624
2025-03-11,549.467529296875,-0.04912425721381519,469.2203369140625,-0.07571092306682381,198.51751708984375,-0.0922040548128269
2025-03-12,552.38330078125,-0.04407839694333171,474.51348876953125,-0.06528425981788111,198.86361694335938,-0.09062138317630242
2025-03-13,545.0197143554688,-0.05682138053900465,465.97674560546875,-0.08210027958168786,195.89698791503906,-0.10418740919890734
2025-03-14,556.2775268554688,-0.037339281502536625,477.2396240234375,-0.05991420903534339,200.6337127685547,-0.08252695485450434
2025-03-15,556.2775268554688,-0.037339281502536625,477.2396240234375,-0.05991420903534339,200.6337127685547,-0.08252695485450434
2025-03-16,556.2775268554688,-0.037339281502536625,477.2396240234375,-0.05991420903534339,200.6337127685547,-0.08252695485450434
2025-03-17,560.5672607421875,-0.029915723824599838,480.3338928222656,-0.053818994001269105,203.16525268554688,-0.07095053728987755
2025-03-18,554.5083618164062,-0.04040089302812133,472.1454772949219,-0.06994886398748845,201.40109252929688,-0.07901782253493594
2025-03-19,560.5474243164062,-0.029950051560258983,478.4634094238281,-0.057503547371506536,204.532958984375,-0.06469618628607565
2025-03-20,558.9263916015625,-0.032755314118321666,476.8416748046875,-0.060698105399434876,203.23463439941406,-0.07063326333117559
2025-03-21,559.11083984375,-0.032436118988593,478.4136657714844,-0.057601534417017985,201.97592163085938,-0.07638920046055309
2025-03-22,559.11083984375,-0.032436118988593,478.4136657714844,-0.057601534417017985,201.97592163085938,-0.07638920046055309
2025-03-23,559.11083984375,-0.032436118988593,478.4136657714844,-0.057601534417017985,201.97592163085938,-0.07638920046055309
2025-03-24,569.1236572265625,-0.01510853426589287,488.9121398925781,-0.036921218174949755,207.00079345703125,-0.0534110858047081
2025-03-25,570.49169921875,-0.012741082367236478,491.7021789550781,-0.0314252871020434,205.8511199951172,-0.05866839973002058
2025-03-26,563.6810913085938,-0.024527114316535314,482.65447998046875,-0.04924780815603291,203.75991821289062,-0.06823120570453978
2025-03-27,562.18408203125,-0.027117749308877004,479.90435791015625,-0.05466510913352285,202.78863525390625,-0.07267276202017892
2025-03-28,550.8626708984375,-0.04670990834705824,467.26953125,-0.0795536984639238,198.6656494140625,-0.09152666409563348
2025-03-29,550.8626708984375,-0.04670990834705824,467.26953125,-0.0795536984639238,198.6656494140625,-0.09152666409563348
2025-03-30,550.8626708984375,-0.04670990834705824,467.26953125,-0.0795536984639238,198.6656494140625,-0.09152666409563348
2025-03-31,554.5604858398438,-0.04031069030118939,467.2496032714844,-0.07959295339688022,197.71421813964844,-0.09587744112377083
2025-04-01,556.1268310546875,-0.037600066669743804,471.01611328125,-0.07217353060910914,197.7340087890625,-0.09578694094245643
2025-04-02,559.646240234375,-0.031509586997202965,474.4538269042969,-0.065401784157743,200.85598754882812,-0.0815105198959799
2025-04-03,532.06640625,-0.07923760317200956,449.0546569824219,-0.11543408982538583,187.9617919921875,-0.1404740744193388
2025-04-04,500.9176330566406,-0.1331418127347027,421.16436767578125,-0.1703735025715889,179.57711791992188,-0.17881614738146412
2025-04-05,500.9176330566406,-0.1331418127347027,421.16436767578125,-0.1703735025715889,179.57711791992188,-0.17881614738146412
2025-04-06,500.9176330566406,-0.1331418127347027,421.16436767578125,-0.1703735025715889,179.57711791992188,-0.17881614738146412
2025-04-07,500.025390625,-0.13468587428464962,422.1806945800781,-0.16837150099081133,177.9517059326172,-0.18624895448566559
2025-04-08,492.1936340332031,-0.14823904525377862,414.577880859375,-0.18334782900382884,173.26380920410156,-0.2076861238800254
2025-04-09,543.8834838867188,-0.058787673237558624,464.3399963378906,-0.08532441406752522,187.99151611328125,-0.140338149706
2025-04-10,520.0509643554688,-0.10003081046305162,444.590576171875,-0.12422761561088735,180.0924835205078,-0.1764594445103057
2025-04-11,529.3301391601562,-0.08397282384072857,452.7812805175781,-0.10809323701827944,182.71888732910156,-0.1644492261536732
2025-04-12,529.3301391601562,-0.08397282384072857,452.7812805175781,-0.10809323701827944,182.71888732910156,-0.1644492261536732
2025-04-13,529.3301391601562,-0.08397282384072857,452.7812805175781,-0.10809323701827944,182.71888732910156,-0.1644492261536732
2025-04-14,534.4654541015625,-0.07508595400949536,455.8503112792969,-0.10204773688398305,184.86956787109375,-0.15461443119938278
2025-04-15,532.968505859375,-0.07767648337803512,456.3584899902344,-0.10104670603621846,185.09751892089844,-0.15357203936541575
2025-04-16,521.1216430664062,-0.09817795772787574,442.59771728515625,-0.12815322913603322,183.32345581054688,-0.16168460958940478
2025-04-17,521.8651733398438,-0.09689124857157005,442.51800537109375,-0.1283102488678589,184.82000732421875,-0.1548410654236766
2025-04-18,521.8651733398438,-0.09689124857157005,442.51800537109375,-0.1283102488678589,184.82000732421875,-0.1548410654236766
2025-04-19,521.8651733398438,-0.09689124857157005,442.51800537109375,-0.1283102488678589,184.82000732421875,-0.1548410654236766
2025-04-20,521.8651733398438,-0.09689124857157005,442.51800537109375,-0.1283102488678589,184.82000732421875,-0.1548410654236766
2025-04-21,509.4433898925781,-0.11838764632461385,431.567138671875,-0.14988170619131447,181.11331176757812,-0.17179132374691963
2025-04-22,522.6979370117188,-0.09545011741669951,442.89666748046875,-0.12756434502693503,185.8011932373047,-0.1503542241291067
2025-04-23,530.79736328125,-0.08143373326377656,452.9407043457031,-0.10777919755462806,188.5564727783203,-0.13775467305745404
2025-04-24,541.9701538085938,-0.06209876818353366,465.6851806640625,-0.08267461592083902,192.33253479003906,-0.12048721055205602
2025-04-25,545.8860473632812,-0.05532215629301862,470.8766174316406,-0.0724483151398041,192.3920135498047,-0.1202152215722847
2025-04-26,545.8860473632812,-0.05532215629301862,470.8766174316406,-0.0724483151398041,192.3920135498047,-0.1202152215722847
2025-04-27,545.8860473632812,-0.05532215629301862,470.8766174316406,-0.0724483151398041,192.3920135498047,-0.1202152215722847
2025-04-28,546.09423828125,-0.05496187350430093,470.7271423339844,-0.07274275719435319,193.20469665527344,-0.11649892268500428
2025-04-29,549.5342407226562,-0.0490088103981986,473.8360290527344,-0.06661874719414396,194.34446716308594,-0.11128689373862255
2025-04-30,549.7523193359375,-0.04863141655355241,473.7762451171875,-0.06673651199301323,193.12542724609375,-0.11686141184609
2025-05-01,553.6483764648438,-0.041889132398696516,479.964111328125,-0.05454740444940542,194.3246612548828,-0.11137746369648371
2025-05-02,561.8668212890625,-0.02766678183181881,487.0886535644531,-0.04051319482734206,198.6953887939453,-0.09139066960574782
2025-05-03,561.8668212890625,-0.02766678183181881,487.0886535644531,-0.04051319482734206,198.6953887939453,-0.09139066960574782
2025-05-04,561.8668212890625,-0.02766678183181881,487.0886535644531,-0.04051319482734206,198.6953887939453,-0.09139066960574782
2025-05-05,558.6448364257812,-0.03324255671707699,484.198974609375,-0.04620540056503053,197.16909790039062,-0.09837020826136178
2025-05-06,553.9755859375,-0.041322883196024174,479.6950988769531,-0.0550773159869411,195.01841735839844,-0.10820500321565218
2025-05-07,556.3052978515625,-0.037291222672613866,481.5783386230469,-0.05136763465043148,195.66262817382812,-0.10525910718256748
2025-05-08,560.1815795898438,-0.03058316062961508,486.55059814453125,-0.041573078017165366,199.38916015625,-0.08821813934836942
2025-05-09,559.4677124023438,-0.03181853661813494,486.231689453125,-0.04220127717397182,199.0224609375,-0.08989500932319328
2025-05-10,559.4677124023438,-0.03181853661813494,486.231689453125,-0.04220127717397182,199.0224609375,-0.08989500932319328
2025-05-11,559.4677124023438,-0.03181853661813494,486.231689453125,-0.04220127717397182,199.0224609375,-0.08989500932319328
2025-05-12,577.9567260742188,0.00017744798740704226,506.0409240722656,-0.0031802507169886862,206.0196075439453,-0.05789792709927799
2025-05-13,581.7734985351562,0.006782526823428503,513.75341796875,0.012012129714168873,206.77285766601562,-0.05445340786212827
2025-05-14,582.5170288085938,0.00806923597973408,516.832275390625,0.018076986798559957,204.93931579589844,-0.06283796706588851
2025-05-15,585.3622436523438,0.012992995135073349,517.4002685546875,0.019195842559945886,206.27728271484375,-0.05671961055197228
2025-05-16,589.0698852539062,0.019409218613068546,519.6522827148438,0.023631950557780668,207.9819793701172,-0.048924244510138326
2025-05-17,589.0698852539062,0.019409218613068546,519.6522827148438,0.023631950557780668,207.9819793701172,-0.048924244510138326
2025-05-18,589.0698852539062,0.019409218613068546,519.6522827148438,0.023631950557780668,207.9819793701172,-0.048924244510138326
2025-05-19,589.7142944335938,0.020524394714880767,520.1504516601562,0.024613263766939397,207.1098175048828,-0.05291253237718996
2025-05-20,587.7315673828125,0.017093205505999798,518.4166259765625,0.021197904255475297,207.21884155273438,-0.05241397894967181
2025-05-21,577.8278198242188,-4.56294824761061e-05,511.21234130859375,0.0070066147868343975,201.40109252929688,-0.07901782253493594
2025-05-22,578.055908203125,0.00034908666570276914,512.1690063476562,0.008891092027749847,201.39117431640625,-0.07906317729041346
2025-05-23,574.1101684570312,-0.0064791752640041,507.4259033203125,-0.00045206293389321583,200.7568817138672,-0.08196371856802054
2025-05-24,574.1101684570312,-0.0064791752640041,507.4259033203125,-0.00045206293389321583,200.7568817138672,-0.08196371856802054
2025-05-25,574.1101684570312,-0.0064791752640041,507.4259033203125,-0.00045206293389321583,200.7568817138672,-0.08196371856802054
2025-05-26,574.1101684570312,-0.0064791752640041,507.4259033203125,-0.00045206293389321583,200.7568817138672,-0.08196371856802054
2025-05-27,586.0463256835938,0.014176826708203638,519.3632202148438,0.023062543628281196,205.8511199951172,-0.05866839973002058
2025-05-28,582.6558227539062,0.008309424505545948,517.0614624023438,0.018528448584934853,203.6806182861328,-0.06859383441871914
2025-05-29,584.9557495117188,0.012289540613566574,518.077880859375,0.02053063050996795,204.28517150878906,-0.0658292876309976
2025-05-30,584.301513671875,0.011157359079627893,517.2607421875,0.018920997914499083,203.24453735351562,-0.07058797835224495
2025-05-31,584.301513671875,0.011157359079627893,517.2607421875,0.018920997914499083,203.24453735351562,-0.07058797835224495
2025-06-01,584.301513671875,0.011157359079627893,517.2607421875,0.018920997914499083,203.24453735351562,-0.07058797835224495
2025-06-02,587.5928344726562,0.01685312260399008,521.34619140625,0.026968679973828458,203.87884521484375,-0.06768736729809088
2025-06-03,590.943603515625,0.02265176371152755,525.4215698242188,0.03499652416504828,207.16928100585938,-0.05264061317396551
2025-06-04,590.7850341796875,0.022377353073858686,526.8863525390625,0.03788191202422486,206.58453369140625,-0.05531459000382588
2025-06-05,587.9298706054688,0.01743637723878888,522.9205322265625,0.03006987979213771,206.6737518310547,-0.0549066065341689
2025-06-06,593.96728515625,0.027884366863996535,528.0322875976562,0.040139220956098676,210.0137176513672,-0.03963335773884358
2025-06-07,593.96728515625,0.027884366863996535,528.0322875976562,0.040139220956098676,210.0137176513672,-0.03963335773884358
2025-06-08,593.96728515625,0.027884366863996535,528.0322875976562,0.040139220956098676,210.0137176513672,-0.03963335773884358
2025-06-09,594.5026245117188,0.02881079323158442,528.8095092773438,0.04167022345615101,211.4607391357422,-0.03301630824431534
2025-06-10,597.873291015625,0.034643867698582964,532.3070068359375,0.048559734706386415,212.6005096435547,-0.0278042792979335
2025-06-11,596.1681518554688,0.03169305554132573,530.5133666992188,0.04502655028130098,211.7283477783203,-0.03179256716498513
2025-06-12,598.5374755859375,0.03579326591225218,531.7589111328125,0.047480073763205066,210.88589477539062,-0.03564500009524496
2025-06-13,591.845703125,0.024212883505501992,525.0828857421875,0.03432937064904462,207.03053283691406,-0.053275091314822554
2025-06-14,591.845703125,0.024212883505501992,525.0828857421875,0.03432937064904462,207.03053283691406,-0.053275091314822554
2025-06-15,591.845703125,0.024212883505501992,525.0828857421875,0.03432937064904462,207.03053283691406,-0.053275091314822554
2025-06-16,597.4767456054688,0.03395762985680695,532.38671875,0.048716754438212106,209.47140502929688,-0.04211328599180697
2025-06-17,592.3712158203125,0.025122304440963417,527.1953125,0.038490513771928914,207.26507568359375,-0.05220255601259971
2025-06-18,592.281982421875,0.024967882442398226,527.1055297851562,0.03831365617199367,208.35829162597656,-0.047203415310774655
2025-06-19,592.281982421875,0.024967882442398226,527.1055297851562,0.03831365617199367,208.35829162597656,-0.047203415310774655
2025-06-20,590.8909912109375,0.022560715994179192,524.9533081054688,0.0340741234127,207.9210205078125,-0.049203001814957736
2025-06-21,590.8909912109375,0.022560715994179192,524.9533081054688,0.0340741234127,207.9210205078125,-0.049203001814957736
2025-06-22,590.8909912109375,0.022560715994179192,524.9533081054688,0.0340741234127,207.9210205078125,-0.049203001814957736
2025-06-23,596.7274780273438,0.03266099206311068,530.3511352539062,0.04470698026047959,210.46524047851562,-0.03756859993986661
2025-06-24,603.3196411132812,0.04406899642495121,538.4612426757812,0.06068259579345825,213.1486053466797,-0.02529790573369939
2025-06-25,603.65771484375,0.04465404666438455,539.8377685546875,0.06339413179029196,210.66400146484375,-0.03665969064009722
2025-06-26,608.380615234375,0.0528272164653143,544.885498046875,0.0733373522048768,214.08282470703125,-0.021025836650452212
2025-06-27,611.4032592773438,0.05805802401314897,546.7509155273438,0.07701192652630762,214.15237426757812,-0.02070779514973453
2025-06-28,611.4032592773438,0.05805802401314897,546.7509155273438,0.07701192652630762,214.15237426757812,-0.02070779514973453
2025-06-29,611.4032592773438,0.05805802401314897,546.7509155273438,0.07701192652630762,214.15237426757812,-0.02070779514973453
2025-06-30,614.3264770507812,0.06311677038747976,550.292236328125,0.08398776256019591,214.46044921875,-0.019299006668056173
2025-07-01,614.127685546875,0.0627727536642746,545.653564453125,0.07485032027937488,216.66677856445312,-0.009209736647263433
2025-07-02,616.9117431640625,0.06759067776998151,549.4542846679688,0.08233713170396717,219.66818237304688,0.004515310125700278
2025-07-03,621.7738647460938,0.07600477546333728,554.8610229492188,0.09298754205928605,221.70555114746094,0.013831944442797006
2025-07-04,621.7738647460938,0.07600477546333728,554.8610229492188,0.09298754205928605,221.70555114746094,0.013831944442797006
2025-07-05,621.7738647460938,0.07600477546333728,554.8610229492188,0.09298754205928605,221.70555114746094,0.013831944442797006
2025-07-06,621.7738647460938,0.07600477546333728,554.8610229492188,0.09298754205928605,221.70555114746094,0.013831944442797006
2025-07-07,617.1403198242188,0.06798623890857658,550.6813354492188,0.08475422564625168,218.3761749267578,-0.0013928794289878033
2025-07-08,616.8023681640625,0.06740139991674732,550.9906005859375,0.08536342854147416,219.88682556152344,0.0055151382660654225
2025-07-09,620.5010986328125,0.07380220231964651,554.8909912109375,0.09304657474560041,222.27203369140625,0.016422398746031686
2025-07-10,622.2510375976562,0.07683054234759257,554.0929565429688,0.09147457398478798,223.4149627685547,0.02164887143761951
2025-07-11,620.0636596679688,0.07304519653051167,552.845947265625,0.0890181649947952,220.33404541015625,0.007560219078819763
2025-07-12,620.0636596679688,0.07304519653051167,552.845947265625,0.0890181649947952,220.33404541015625,0.007560219078819763
2025-07-13,620.0636596679688,0.07304519653051167,552.845947265625,0.0890181649947952,220.33404541015625,0.007560219078819763
2025-07-14,621.246826171875,0.07509271393282524,554.85107421875,0.09296794465018388,221.81488037109375,0.014331893401252849
2025-07-15,618.592041015625,0.07049850103981359,555.3598022460938,0.09397005756348187,217.47181701660156,-0.005528395809974218
2025-07-16,620.66015625,0.07407745794773168,555.9284057617188,0.09509011561990444,219.6582489013672,0.004469885593676004
2025-07-17,624.4583740234375,0.08065042714793669,560.4273681640625,0.1039523525667676,222.54037475585938,0.017649489099612614
2025-07-18,624.0010375976562,0.07985898799934055,559.8887329101562,0.10289132719665917,220.96017456054688,0.010423429903841708
2025-07-19,624.0010375976562,0.07985898799934055,559.8887329101562,0.10289132719665917,220.96017456054688,0.010423429903841708
2025-07-20,624.0010375976562,0.07985898799934055,559.8887329101562,0.10289132719665917,220.96017456054688,0.010423429903841708
2025-07-21,625.1842651367188,0.08190661102545604,562.7916259765625,0.10860956262189769,220.06570434570312,0.006333128725239057
2025-07-22,625.2737426757812,0.08206145551922917,559.8787841796875,0.10287172978755676,221.89437866210938,0.0146954292105419
2025-07-23,630.5932006835938,0.09126699236118108,562.4324951171875,0.10790213222215628,225.28335571289062,0.03019280027447313
2025-07-24,630.802001953125,0.09162833138791893,563.6295776367188,0.11026019347812643,222.17266845703125,0.015968013872693865
2025-07-25,633.4667358398438,0.09623976096066111,564.9862670898438,0.11293265488625925,222.99754333496094,0.019740064220938214
2025-07-26,633.4667358398438,0.09623976096066111,564.9862670898438,0.11293265488625925,222.99754333496094,0.019740064220938214
2025-07-27,633.4667358398438,0.09623976096066111,564.9862670898438,0.11293265488625925,222.99754333496094,0.019740064220938214
2025-07-28,633.3076782226562,0.09596450533257617,566.7518920898438,0.11641065396914874,222.7391357421875,0.01855839839938178
2025-07-29,631.6372680664062,0.0930737931186727,565.8740844726562,0.11468151324700693,221.31796264648438,0.012059550375282724
2025-07-30,630.841796875,0.0916971981068413,566.6322631835938,0.11617500414190651,220.19491577148438,0.006923996524290654
2025-07-31,628.475341796875,0.08760195205461008,563.6295776367188,0.11026019347812643,218.0382843017578,-0.0029380112832863015
2025-08-01,618.1743774414062,0.06977571736253574,552.5267333984375,0.08838936469047032,213.5958251953125,-0.023252824920944937
2025-08-02,618.1743774414062,0.06977571736253574,552.5267333984375,0.08838936469047032,213.5958251953125,-0.023252824920944937
2025-08-03,618.1743774414062,0.06977571736253574,552.5267333984375,0.08838936469047032,213.5958251953125,-0.023252824920944937
2025-08-04,627.570556640625,0.0860361848133464,562.7218017578125,0.1084720200696705,218.3761749267578,-0.0013928794289878033
2025-08-05,624.3887939453125,0.08053001601362464,558.901123046875,0.10094589359737016,219.48928833007812,0.003697249889979881
2025-08-06,629.17138671875,0.08880648589293783,565.9339599609375,0.11479945839013173,219.20108032226562,0.0023793104723501823
2025-08-07,628.6444091796875,0.08789452998622771,567.8491821289062,0.11857213998657756,218.48550415039062,-0.0008929304705318497
2025-08-08,633.5462646484375,0.0963773887747037,573.146240234375,0.12900649792375662,218.96255493164062,0.001288563491389505
2025-08-09,633.5462646484375,0.0963773887747037,573.146240234375,0.12900649792375662,218.96255493164062,0.001288563491389505
2025-08-10,633.5462646484375,0.0963773887747037,573.146240234375,0.12900649792375662,218.96255493164062,0.001288563491389505
2025-08-11,632.29345703125,0.09420935461427615,571.4503784179688,0.12566592116359065,218.91287231445312,0.0010613710547207056
2025-08-12,639.0248413085938,0.1058582868685427,578.6328125,0.1398141684699088,225.41256713867188,0.030783668073524728
2025-08-13,641.2123413085938,0.10964384393322768,578.922119140625,0.14038405631742323,229.79541015625,0.05082586474248996
2025-08-14,641.27197265625,0.10974703838780897,578.4732666015625,0.13949988854725004,226.83375549316406,0.03728258587417077
2025-08-15,639.7705688476562,0.10714879848172121,575.929443359375,0.13448896329224924,225.73060607910156,0.03223802064032122
2025-08-16,639.7705688476562,0.10714879848172121,575.929443359375,0.13448896329224924,225.73060607910156,0.03223802064032122
2025-08-17,639.7705688476562,0.10714879848172121,575.929443359375,0.13448896329224924,225.73060607910156,0.03223802064032122
2025-08-18,639.6314086914062,0.10690797621309733,575.699951171875,0.13403690035835614,226.5554962158203,0.03601014076511233
2025-08-19,636.1612548828125,0.10090273494879298,567.88916015625,0.11865089031149778,224.81626892089844,0.028056870397669798
2025-08-20,634.470947265625,0.09797758937542844,564.5174560546875,0.1120091720683778,224.0211944580078,0.024421093645498715
2025-08-21,631.9255981445312,0.09357275995945313,561.90380859375,0.10686070426115002,224.5777587890625,0.026966193193255883
2025-08-22,641.6299438476562,0.11036652198670338,570.5725708007812,0.12393678044144907,233.38316345214844,0.06723221488273734
2025-08-23,641.6299438476562,0.11036652198670338,570.5725708007812,0.12393678044144907,233.38316345214844,0.06723221488273734
2025-08-24,641.6299438476562,0.11036652198670338,570.5725708007812,0.12393678044144907,233.38316345214844,0.06723221488273734
2025-08-25,638.8060913085938,0.1054797311620741,568.9265747070312,0.12069443118580203,230.92837524414062,0.05600677334895954
2025-08-26,641.4807739257812,0.11010837741454682,571.2109985351562,0.12519438105009884,232.83653259277344,0.06473253986700445
2025-08-27,642.9423828125,0.11263775060171244,572.0888671875,0.12692364200174433,234.486328125,0.07227684989313365
2025-08-28,645.2192993164062,0.11657804653636838,575.6701049804688,0.13397810813104916,234.7646026611328,0.07354936477873886
2025-08-29,641.3713989257812,0.10991909956131263,569.0064086914062,0.1208516913766351,233.7210693359375,0.06877741651358282
2025-08-30,641.3713989257812,0.10991909956131263,569.0064086914062,0.1208516913766351,233.7210693359375,0.06877741651358282
2025-08-31,641.3713989257812,0.10991909956131263,569.0064086914062,0.1208516913766351,233.7210693359375,0.06877741651358282
2025-09-01,641.3713989257812,0.10991909956131263,569.0064086914062,0.1208516913766351,233.7210693359375,0.06877741651358282
2025-09-02,636.6187133789062,0.1016943853449932,564.2380981445312,0.11145888162996576,232.45889282226562,0.06300564010806164
2025-09-03,640.06884765625,0.10766498200223218,568.67724609375,0.12020329366320781,232.2303009033203,0.06196031765912524
2025-09-04,645.418212890625,0.11692227450717785,573.8245849609375,0.13034272862782315,235.13230895996094,0.07523084000565738
2025-09-05,643.5488891601562,0.11368733432246514,574.6525268554688,0.13197364184544602,236.3050537109375,0.08059365606986524
2025-09-06,643.5488891601562,0.11368733432246514,574.6525268554688,0.13197364184544602,236.3050537109375,0.08059365606986524
2025-09-07,643.5488891601562,0.11368733432246514,574.6525268554688,0.13197364184544602,236.3050537109375,0.08059365606986524
2025-09-08,645.1298828125,0.11642330766639741,577.4556884765625,0.1374954222616469,236.78208923339844,0.08277508025523983
2025-09-09,646.6212768554688,0.11900422526895249,579.0917358398438,0.14071817410819154,235.39073181152344,0.0764125756037608
2025-09-10,648.4905395507812,0.12223905982986327,579.28125,0.14109148671716465,234.97329711914062,0.07450369861053274
2025-09-11,653.8796997070312,0.1315652190537311,582.6529541015625,0.14773320496028464,239.31637573242188,0.09436405759830668
2025-09-12,653.6608276367188,0.13118645209965862,585.2266235351562,0.1528029224425922,236.87152099609375,0.08318404059655315
2025-09-13,653.6608276367188,0.13118645209965862,585.2266235351562,0.1528029224425922,236.87152099609375,0.08318404059655315
2025-09-14,653.6608276367188,0.13118645209965862,585.2266235351562,0.1528029224425922,236.87152099609375,0.08318404059655315
2025-09-15,657.1409301757812,0.1372089100436933,590.234375,0.16266739253225704,237.8753204345703,0.08777429073361187
2025-09-16,656.2361450195312,0.13564314280242962,589.7356567382812,0.1616849972575649,237.48361206054688,0.08598305699843767
2025-09-17,655.4208374023438,0.13423222005493907,588.5585327148438,0.15936625104930302,238.09158325195312,0.08876323373266226
2025-09-18,658.4832153320312,0.13953178869789395,593.865478515625,0.1698200861660808,244.0216827392578,0.11588084203266624
2025-09-19,661.74462890625,0.14517579655926238,597.8856201171875,0.17773912265645642,242.16790771484375,0.1074037591277317
2025-09-20,661.74462890625,0.14517579655926238,597.8856201171875,0.17773912265645642,242.16790771484375,0.1074037591277317
2025-09-21,661.74462890625,0.14517579655926238,597.8856201171875,0.17773912265645642,242.16790771484375,0.1074037591277317
2025-09-22,664.8753662109375,0.15059366386048878,601.4251098632812,0.1847113518052339,243.5731964111328,0.11382996976651993
2025-09-23,661.256103515625,0.14433038364783002,597.4302978515625,0.1768422105588916,243.0250244140625,0.11132324731955134
2025-09-24,659.1522216796875,0.1406895311919234,595.3329467773438,0.17271076412342,240.7925262451172,0.10111431052084496
2025-09-25,656.1112670898438,0.13542703650348042,592.7662963867188,0.16765487303403726,238.490234375,0.09058621579667059
2025-09-26,659.8701782226562,0.14193198397517914,595.203125,0.17245503596906064,240.53338623046875,0.09992929542503792
2025-09-27,659.8701782226562,0.14193198397517914,595.203125,0.17245503596906064,240.53338623046875,0.09992929542503792
2025-09-28,659.8701782226562,0.14193198397517914,595.203125,0.17245503596906064,240.53338623046875,0.09992929542503792
2025-09-29,661.7246704101562,0.14514125757599916,597.9595947265625,0.17788484081493472,240.8124542236328,0.10120543869108123
2025-09-30,664.21728515625,0.14945482802702248,599.5974731445312,0.1811111995465906,241.1513214111328,0.10275503624438054
2025-10-01,666.4806518554688,0.1533716754776282,602.4737548828125,0.18677701490821796,241.67955017089844,0.1051705607445661
2025-10-02,667.248291015625,0.15470010603573492,604.9505615234375,0.19165592816816157,243.20443725585938,0.11214367995786612
2025-10-03,667.2384033203125,0.1546829949798063,602.4038696289062,0.1866393521264873,245.00839233398438,0.12039294243720966
2025-10-04,667.2384033203125,0.1546829949798063,602.4038696289062,0.1866393521264873,245.00839233398438,0.12039294243720966
2025-10-05,667.2384033203125,0.1546829949798063,602.4038696289062,0.1866393521264873,245.00839233398438,0.12039294243720966
2025-10-06,669.6312866210938,0.15882397613831567,606.9280395507812,0.1955512438583764,245.985107421875,0.12485933920354109
2025-10-07,667.1486206054688,0.1545276223670231,603.732177734375,0.18925590681540183,243.34396362304688,0.11278171670261439
2025-10-08,671.1268920898438,0.16141218178321082,610.6532592773438,0.2028893313868978,245.89541625976562,0.1244491926609308
2025-10-09,669.1826171875,0.1580475355696076,609.9141845703125,0.20143347232665487,244.31072998046875,0.11720261916037455
2025-10-10,651.0960693359375,0.12674803431463832,588.741455078125,0.1597265788718769,236.99525451660156,0.08374985861527184
2025-10-11,651.0960693359375,0.12674803431463832,588.741455078125,0.1597265788718769,236.99525451660156,0.08374985861527184
2025-10-12,651.0960693359375,0.12674803431463832,588.741455078125,0.1597265788718769,236.99525451660156,0.08374985861527184
2025-10-13,661.0865478515625,0.14403696072579608,601.2353515625,0.18433755827824627,243.5931396484375,0.11392116771330318
2025-10-14,660.2789306640625,0.142639346577361,597.2305297851562,0.17644869939329788,247.0714569091797,0.1298270804592665
2025-10-15,663.2102661132812,0.14771214091736162,601.445068359375,0.18475066685294217,249.49334716796875,0.14090208375795266
2025-10-16,658.6936645507812,0.13989597956728672,599.2179565429688,0.1803636124926149,244.24095153808594,0.11688353101145355
2025-10-17,662.4326171875,0.14636638805572244,603.1528930664062,0.1881148085958324,242.5964813232422,0.10936357300018851
2025-10-18,662.4326171875,0.14636638805572244,603.1528930664062,0.1881148085958324,242.5964813232422,0.10936357300018851
2025-10-19,662.4326171875,0.14636638805572244,603.1528930664062,0.1881148085958324,242.5964813232422,0.10936357300018851
2025-10-20,669.3222045898438,0.15828909720484563,610.7530517578125,0.20308590662543913,247.33059692382812,0.13101209555507354
2025-10-21,669.3121948242188,0.15827177490131294,610.5933227539062,0.2027712660142693,246.16452026367188,0.12567977184185586
2025-10-22,665.83251953125,0.15225005632389244,604.7108764648438,0.19118378690715132,242.52670288085938,0.1090444848512675
2025-10-23,669.7808837890625,0.15908286007708639,609.7943725585938,0.2011974618109016,245.59640502929688,0.12308185144810402
2025-10-24,675.2546997070312,0.1685555195143671,616.305908203125,0.21402414641260403,248.59634399414062,0.1368001996725665
2025-10-25,675.2546997070312,0.1685555195143671,616.305908203125,0.21402414641260403,248.59634399414062,0.1368001996725665
2025-10-26,675.2546997070312,0.1685555195143671,616.305908203125,0.21402414641260403,248.59634399414062,0.1368001996725665
2025-10-27,683.2211303710938,0.1823417494026709,627.2818603515625,0.23564501806207838,249.46343994140625,0.14076532172605138
2025-10-28,685.0357666015625,0.18548205066076662,632.1055908203125,0.24514699619810254,248.1279296875,0.13465819923618416
2025-10-29,685.3648071289062,0.18605146857749988,634.9519653320312,0.2507538991029197,246.01499938964844,0.12499603145889582
2025-10-30,677.8270874023438,0.17300714027464092,625.2444458007812,0.23163163699923506,244.0316619873047,0.11592647589433125
2025-10-31,680.050537109375,0.17685490975872042,628.2605590820312,0.23757289815382787,245.40704345703125,0.12221592450121799
2025-11-01,680.050537109375,0.17685490975872042,628.2605590820312,0.23757289815382787,245.40704345703125,0.12221592450121799
2025-11-02,680.050537109375,0.17685490975872042,628.2605590820312,0.23757289815382787,245.40704345703125,0.12221592450121799
2025-11-03,681.3267822265625,0.1790635034591268,631.2666625976562,0.2434944416698146,244.61968994140625,0.11861545468177259
2025-11-04,673.2506103515625,0.16508736197477636,618.4531860351562,0.21825394058209846,240.39385986328125,0.09929125868028965
2025-11-05,675.583740234375,0.16912493743110035,622.47802734375,0.22618223474425858,243.86221313476562,0.11515160734113472
2025-11-06,668.3351440429688,0.15658094907844822,610.8829345703125,0.20334175500930218,239.5467071533203,0.09541733457358825
2025-11-07,668.9931640625,0.15771967928811237,608.9553833007812,0.19954478705310996,240.802490234375,0.10115987460596321
2025-11-08,668.9931640625,0.15771967928811237,608.9553833007812,0.19954478705310996,240.802490234375,0.10115987460596321
2025-11-09,668.9931640625,0.15771967928811237,608.9553833007812,0.19954478705310996,240.802490234375,0.10115987460596321
2025-11-10,679.432373046875,0.17578515189178034,622.4280395507812,0.2260837667807325,243.2144012451172,0.11218924404298436
2025-11-11,680.9877319335938,0.17847676323886086,620.7702026367188,0.22281809300136834,243.4237060546875,0.11314636893665364
2025-11-12,681.3666381835938,0.1791324758018511,620.2808227539062,0.22185409284074176,242.82569885253906,0.11041175628754729
2025-11-13,670.0599975585938,0.15956587772376052,607.6171875,0.19690875518459672,235.99859619140625,0.07919226390215717
2025-11-14,669.9503784179688,0.15937617737531817,608.0765380859375,0.1978136024294055,236.68629455566406,0.08233702309387403
2025-11-15,669.9503784179688,0.15937617737531817,608.0765380859375,0.1978136024294055,236.68629455566406,0.08233702309387403
2025-11-16,669.9503784179688,0.15937617737531817,608.0765380859375,0.1978136024294055,236.68629455566406,0.08233702309387403
2025-11-17,663.7088012695312,0.14857487613232667,602.8832397460938,0.1875836346485078,231.9820556640625,0.06082512301779652
2025-11-18,658.1353149414062,0.13892973302633416,595.542724609375,0.1731239929276196,232.689697265625,0.06406108015629663
2025-11-19,660.6777954101562,0.14332959812361423,599.09814453125,0.18012760197686162,232.6498260498047,0.06387875403927712
2025-11-20,650.6075439453125,0.12590262140320596,584.9163818359375,0.1521917958753105,228.34426879882812,0.04418997558030191
2025-11-21,657.08837890625,0.1371179679501473,589.3107299804688,0.16084795945284025,234.8125762939453,0.07376874224215624
2025-11-22,657.08837890625,0.1371179679501473,589.3107299804688,0.16084795945284025,234.8125762939453,0.07376874224215624
2025-11-23,657.08837890625,0.1371179679501473,589.3107299804688,0.16084795945284025,234.8125762939453,0.07376874224215624
2025-11-24,666.759765625,0.15385469312430233,604.3812866210938,0.19053454758719823,239.0981903076172,0.0933663227543482
2025-11-25,673.03125,0.1647077500302876,608.1065063476562,0.19787263511571962,244.31072998046875,0.11720261916037455
2025-11-26,677.6775512695312,0.17274836195967214,613.4796142578125,0.20845679901450276,246.47348022460938,0.1270926073632539
2025-11-27,677.6775512695312,0.17274836195967214,613.4796142578125,0.20845679901450276,246.47348022460938,0.1270926073632539
2025-11-28,681.3765869140625,0.17914969248158163,618.4531860351562,0.21825394058209846,247.9186248779297,0.13370107434251488
2025-11-29,681.3765869140625,0.17914969248158163,618.4531860351562,0.21825394058209846,247.9186248779297,0.13370107434251488
2025-11-30,681.3765869140625,0.17914969248158163,618.4531860351562,0.21825394058209846,247.9186248779297,0.13370107434251488
2025-12-01,678.2658081054688,0.17376636416361846,616.3758544921875,0.2141619294238386,244.79908752441406,0.11943581754354038
2025-12-02,679.5220947265625,0.17594041888076162,621.1996459960938,0.22366402778936667,244.3505859375,0.11738487550084731
2025-12-03,681.8751220703125,0.18001242769654668,622.7177124023438,0.22665437600526883,248.79568481445312,0.13771176048111777
2025-12-04,682.3736572265625,0.18087516291151173,622.138427734375,0.22551327778569963,250.97837829589844,0.14769294663078014
2025-12-05,683.6697998046875,0.18311818997137919,624.6751708984375,0.23051025641827172,249.931884765625,0.14290746171552748
2025-12-06,683.6697998046875,0.18311818997137919,624.6751708984375,0.23051025641827172,249.931884765625,0.14290746171552748
2025-12-07,683.6697998046875,0.18311818997137919,624.6751708984375,0.23051025641827172,249.931884765625,0.14290746171552748
2025-12-08,681.6159057617188,0.17956384340933362,623.4767456054688,0.22814955011322002,250.0315399169922,0.14336317234325624
2025-12-09,681.027587890625,0.17854573558158515,624.2457275390625,0.22966432163027362,250.5498046875,0.14573313275832334
2025-12-10,685.5443115234375,0.18636210817926435,626.8024291992188,0.23470061531055397,253.9583740234375,0.1613200969084594
2025-12-11,687.1395263671875,0.18912269186906916,624.7750854492188,0.23070707211582042,256.9383544921875,0.17494717740959165
2025-12-12,679.7514038085938,0.17633724750498092,612.8304443359375,0.20717803801320267,253.0015869140625,0.15694482831236423
2025-12-13,679.7514038085938,0.17633724750498092,612.8304443359375,0.20717803801320267,253.0015869140625,0.15694482831236423
2025-12-14,679.7514038085938,0.17633724750498092,612.8304443359375,0.20717803801320267,253.0015869140625,0.15694482831236423
2025-12-15,678.7244262695312,0.17456002141205706,609.75439453125,0.20111871148598137,251.08798217773438,0.14819415156708016
2025-12-16,676.8699340820312,0.17135074781123727,610.9628295898438,0.20349913542963893,249.89999389648438,0.14276162873253062
2025-12-17,669.4219360351562,0.15846168649735937,599.6373901367188,0.18118982964200714,247.24000549316406,0.13059783219619647
2025-12-18,674.4769287109375,0.16720955540512383,608.3262329101562,0.19830546132902183,248.7100067138672,0.13731996517033895
2025-12-19,680.5900268554688,0.17778851854484623,616.2559814453125,0.21392579867858164,250.7899932861328,0.14683148538289492
2025-12-20,680.5900268554688,0.17778851854484623,616.2559814453125,0.21392579867858164,250.7899932861328,0.14683148538289492
2025-12-21,680.5900268554688,0.17778851854484623,616.2559814453125,0.21392579867858164,250.7899932861328,0.14683148538289492
2025-12-22,684.8300170898438,0.18512599282413023,619.2100219726562,0.2197447864279165,253.5800018310547,0.15958984787526576
2025-12-23,687.9600219726562,0.19054259263973217,622.1099853515625,0.22545725083697765,252.0800018310547,0.15273053420994076
2025-12-24,690.3800048828125,0.19473047076634198,623.9299926757812,0.2290423744076593,252.7100067138672,0.1556114682778722
2025-12-25,690.3800048828125,0.19473047076634198,623.9299926757812,0.2290423744076593,252.7100067138672,0.1556114682778722
2025-12-26,690.3099975585938,0.19460932026541577,623.8900146484375,0.22896362408273907,251.4199981689453,0.14971241945082658
2025-12-27,690.3099975585938,0.19460932026541577,623.8900146484375,0.22896362408273907,251.4199981689453,0.14971241945082658
2025-12-28,690.3099975585938,0.19460932026541577,623.8900146484375,0.22896362408273907,251.4199981689453,0.14971241945082658
2025-12-29,687.8499755859375,0.19035215292467544,620.8699951171875,0.2230146682399099,249.8800048828125,0.14267022145610664
2025-12-30,687.010009765625,0.18889855816116574,619.4299926757812,0.22017809355923346,248.02999877929688,0.1342103733582538
2025-12-31,681.9199829101562,0.1800900611910372,614.3099975585938,0.21009252141227353,246.16000366210938,0.125659117983977
2026-01-01,681.9199829101562,0.1800900611910372,614.3099975585938,0.21009252141227353,246.16000366210938,0.125659117983977
2026-01-02,683.1699829101562,0.18225323665657145,613.1199951171875,0.20774840677873185,248.77999877929688,0.13764003019091642
2026-01-03,683.1699829101562,0.18225323665657145,613.1199951171875,0.20774840677873185,248.77999877929688,0.13764003019091642
2026-01-04,683.1699829101562,0.18225323665657145,613.1199951171875,0.20774840677873185,248.77999877929688,0.13764003019091642
2026-01-05,687.719970703125,0.19012717422635572,617.989990234375,0.2173415188785568,252.72999572753906,0.15570287555429618
2026-01-06,691.8099975585938,0.19720513082405677,623.4199829101562,0.22803773667478366,256.0799865722656,0.17102196754092724
2026-01-07,689.5800170898438,0.19334605959316042,624.02001953125,0.2292197129256095,255.47999572753906,0.1682782839407253
2026-01-08,689.510009765625,0.19322490909223422,620.469970703125,0.22222668407269275,258.2699890136719,0.18103657665654938
2026-01-09,694.0700073242188,0.20111616896555118,626.6500244140625,0.2344004022398276,260.2300109863281,0.18999951365746814
2026-01-10,694.0700073242188,0.20111616896555118,626.6500244140625,0.2344004022398276,260.2300109863281,0.18999951365746814
2026-01-11,694.0700073242188,0.20111616896555118,626.6500244140625,0.2344004022398276,260.2300109863281,0.18999951365746814
2026-01-12,695.1599731445312,0.20300239882216786,627.1699829101562,0.2354246373818054,261.5,0.19580701565499625
2026-01-13,693.77001953125,0.20059702797858336,626.239990234375,0.23359270043400437,261.3500061035156,0.19512111219908257
2026-01-14,690.3599853515625,0.1946958261592766,619.5499877929688,0.2204144647634978,263.19000244140625,0.20353518688217664
2026-01-15,692.239990234375,0.1979492505093443,621.780029296875,0.22480729014000245,265.510009765625,0.21414429217728848
2026-01-16,691.6599731445312,0.1969455075186719,621.260009765625,0.22378293476852096,265.760009765625,0.21528751112150935
2026-01-17,691.6599731445312,0.1969455075186719,621.260009765625,0.22378293476852096,265.760009765625,0.21528751112150935
2026-01-18,691.6599731445312,0.1969455075186719,621.260009765625,0.22378293476852096,265.760009765625,0.21528751112150935
2026-01-19,691.6599731445312,0.1969455075186719,621.260009765625,0.22378293476852096,265.760009765625,0.21528751112150935
2026-01-20,677.5800170898438,0.17257957512403133,608.0599975585938,0.1977810202339041,262.5799865722656,0.20074566009066896
2026-01-21,685.4000244140625,0.18611241351126995,616.280029296875,0.21397316910303732,267.7900085449219,0.22457044336645882
2026-01-22,688.97998046875,0.19230767199542265,620.760009765625,0.22279801467425142,269.7900085449219,0.23371619492022555
2026-01-23,689.22998046875,0.19274030708852963,622.719970703125,0.22665882449690566,264.80999755859375,0.2109432233122326
2026-01-24,689.22998046875,0.19274030708852963,622.719970703125,0.22665882449690566,264.80999755859375,0.2109432233122326
2026-01-25,689.22998046875,0.19274030708852963,622.719970703125,0.22665882449690566,264.80999755859375,0.2109432233122326
2026-01-26,692.72998046875,0.1987971983920256,625.4600219726562,0.23205628760628594,263.9800109863281,0.20714779782078074
2026-01-27,695.489990234375,0.2035735067197335,631.1300048828125,0.2432252478110415,264.7300109863281,0.21057745465344335
2026-01-28,695.4199829101562,0.2034523562188073,633.219970703125,0.24734214647656616,263.29998779296875,0.20403813623214884
2026-01-29,694.0399780273438,0.20106420205495334,629.4299926757812,0.23987649544462442,263.3699951171875,0.20435827102927306
2026-01-30,691.969970703125,0.1974819708091724,621.8699951171875,0.22498450842844897,259.6499938964844,0.18734716755714342
2026-01-31,691.969970703125,0.1974819708091724,621.8699951171875,0.22498450842844897,259.6499938964844,0.18734716755714342
2026-02-01,691.969970703125,0.1974819708091724,621.8699951171875,0.22498450842844897,259.6499938964844,0.18734716755714342
2026-02-02,695.4099731445312,0.20343503391527462,626.1400146484375,0.23339576450695199,262.17999267578125,0.1989165376905344
2026-02-03,689.530029296875,0.19325955369929937,616.52001953125,0.21444591151156622,262.7799987792969,0.20166029106728312
2026-02-04,686.1900024414062,0.18747950238091904,605.75,0.193230694207559,260.5199890136719,0.19132554715453676
2026-02-05,677.6199951171875,0.1726487587143597,597.030029296875,0.1760537454736597,255.8300018310547,0.16987881837325336
2026-02-06,690.6199951171875,0.19514578355591605,609.6500244140625,0.2009131190346629,265.0199890136719,0.21190348815051196
2026-02-07,690.6199951171875,0.19514578355591605,609.6500244140625,0.2009131190346629,265.0199890136719,0.21190348815051196
2026-02-08,690.6199951171875,0.19514578355591605,609.6500244140625,0.2009131190346629,265.0199890136719,0.21190348815051196
2026-02-09,693.9500122070312,0.20090851257076392,614.3200073242188,0.2101122390508794,266.8800048828125,0.22040910966312377
2026-02-10,692.1199951171875,0.19774159411455727,611.469970703125,0.20449812237584086,266.1600036621094,0.2171166335216439
2026-02-11,691.9600219726562,0.19746475412944187,613.1099853515625,0.20772868914012577,264.95001220703125,0.21158349290648126
2026-02-12,681.27001953125,0.17896527332324053,600.6400146484375,0.18316483969920494,259.5400085449219,0.18684421820717123
2026-02-13,681.75,0.17979589890238912,601.9199829101562,0.18568617262119314,262.9599914550781,0.20248337521437976
2026-02-14,681.75,0.17979589890238912,601.9199829101562,0.18568617262119314,262.9599914550781,0.20248337521437976
2026-02-15,681.75,0.17979589890238912,601.9199829101562,0.18568617262119314,262.9599914550781,0.20248337521437976
2026-02-16,681.75,0.17979589890238912,601.9199829101562,0.18568617262119314,262.9599914550781,0.20248337521437976
2026-02-17,682.8499755859375,0.1816994510625385,601.2999877929688,0.18446488132265926,263.0400085449219,0.20284928342626296
2026-02-18,686.2899780273438,0.18765251416864093,605.7899780273438,0.19330944453247922,263.989990234375,0.20719343168244575
2026-02-19,684.47998046875,0.18452024031949943,603.469970703125,0.18873940086752805,264.6000061035156,0.20998295847395343
2026-02-20,689.4299926757812,0.19308643628777533,608.8099975585938,0.1992584003753084,264.6099853515625,0.21002859233561844
2026-02-21,689.4299926757812,0.19308643628777533,608.8099975585938,0.1992584003753084,264.6099853515625,0.21002859233561844
2026-02-22,689.4299926757812,0.19308643628777533,608.8099975585938,0.1992584003753084,264.6099853515625,0.21002859233561844
2026-02-23,682.3900146484375,0.18090347009045527,601.4099731445312,0.1846815348883175,260.489990234375,0.19118836646335402
2026-02-24,687.3499755859375,0.18948688273846193,607.8699951171875,0.1974067457889015,263.3299865722656,0.20417531692333157
2026-02-25,693.1500244140625,0.19952410139758237,616.6799926757812,0.21476103304075078,264.5799865722656,0.2098914116444357
2026-02-26,689.2999877929688,0.1928614575894556,609.239990234375,0.20010541722883968,265.989990234375,0.21633918323621248
2026-02-27,685.989990234375,0.1871333731816731,607.2899780273438,0.19626420481528783,261.4100036621094,0.19539547358144804
2026-02-28,685.989990234375,0.1871333731816731,607.2899780273438,0.19626420481528783,261.4100036621094,0.19539547358144804
2026-03-01,685.989990234375,0.1871333731816731,607.2899780273438,0.19626420481528783,261.4100036621094,0.19539547358144804
2026-03-02,686.3800048828125,0.18780830927663228,608.0900268554688,0.19784017314972213,263.80999755859375,0.20637034753534933
2026-03-03,680.3300170898438,0.17733856114820679,601.5800170898438,0.18501649428561184,259.239990234375,0.1854722717422499
2026-03-04,680.3300170898438,0.17733856114820679,601.5800170898438,0.18501649428561184,259.239990234375,0.1854722717422499
