Date,PL,USLM,CPRX,3093.T,IRMD,HCC,AMRZ,AM,CHR,TDW,OPEN,BRK-B,ACGL,FIX,SCHO,IGIC,FTLF,CPNG,ADMA,Cash
2025-01-02,0.0,0.0,0.0,4972365.279205982,0.0,0.0,0.0,0.0,0.0,164238.54002790526,0.0,0.0,0.0,0.0,0.0,0.0,0.0,0.0,0.0,10741297.180766113
2025-01-03,0.0,0.0,0.0,4985028.286533849,0.0,79787.12310116971,0.0,0.0,0.0,249268.0770932464,0.0,0.0,0.0,0.0,0.0,0.0,0.0,0.0,0.0,10549099.513271734
2025-01-04,0.0,0.0,0.0,4985028.286533849,0.0,79787.12310116971,0.0,0.0,0.0,249268.0770932464,0.0,0.0,0.0,0.0,0.0,0.0,0.0,0.0,0.0,10534380.513271734
2025-01-05,0.0,0.0,0.0,4985028.286533849,0.0,79787.12310116971,0.0,0.0,0.0,249268.0770932464,0.0,0.0,0.0,0.0,0.0,0.0,0.0,0.0,0.0,10519661.513271734
2025-01-06,0.0,0.0,0.0,4966523.5907719005,0.0,155504.1497822106,0.0,0.0,0.0,248099.58000140078,0.0,0.0,132982.19172768854,0.0,0.0,0.0,0.0,0.0,0.0,10315917.4877168
2025-01-07,0.0,0.0,0.0,0.0,0.0,151727.6223868709,0.0,0.0,0.0,252586.9970365679,0.0,0.0,134634.25799560547,0.0,0.0,0.0,0.0,0.0,0.0,15265359.122580957
2025-01-08,0.0,0.0,0.0,0.0,0.0,226843.61748393578,0.0,0.0,0.0,405364.8984709778,0.0,0.0,134531.20656938478,0.0,0.0,0.0,0.0,0.0,0.0,15022849.277475702
2025-01-09,0.0,0.0,0.0,0.0,0.0,303726.8288701214,0.0,0.0,0.0,488478.2603191864,0.0,0.0,135095.50282459706,0.0,0.0,0.0,0.0,0.0,0.0,14847569.407986095
2025-01-10,0.0,0.0,0.0,0.0,0.0,364489.7729520779,0.0,0.0,0.0,645656.4270759523,0.0,0.0,262436.169348523,0.0,0.0,0.0,0.0,0.0,0.0,14487569.630623447
2025-01-11,0.0,0.0,0.0,0.0,0.0,364489.7729520779,0.0,0.0,0.0,645656.4270759523,0.0,0.0,262436.169348523,0.0,0.0,0.0,0.0,0.0,0.0,14472850.630623447
2025-01-12,0.0,0.0,0.0,0.0,0.0,364489.7729520779,0.0,0.0,0.0,645656.4270759523,0.0,0.0,262436.169348523,0.0,0.0,0.0,0.0,0.0,0.0,14458131.630623447
2025-01-13,0.0,0.0,0.0,0.0,0.0,393321.6427230835,0.0,0.0,0.0,648732.2615661621,0.0,0.0,267448.9403915405,0.0,0.0,0.0,0.0,0.0,0.0,14406493.155319214
2025-01-14,0.0,0.0,0.0,0.0,0.0,542204.4233096959,0.0,0.0,0.0,717555.0737396395,0.0,0.0,402609.8679929534,0.0,0.0,0.0,0.0,0.0,0.0,14038907.634957712
2025-01-15,0.0,0.0,0.0,0.0,0.0,625543.044868648,0.0,0.0,0.0,907824.0450132396,0.0,0.0,410179.1739770137,0.0,0.0,0.0,0.0,0.0,0.0,13743011.736141099
2025-01-16,0.0,0.0,0.0,0.0,0.0,620851.0443621427,0.0,0.0,0.0,875367.5506698703,0.0,0.0,414350.51097464,0.0,0.0,0.0,0.0,0.0,0.0,13761270.893993348
2025-01-17,0.0,0.0,0.0,0.0,0.0,890228.9920159788,0.0,0.0,0.0,1052348.9875222468,0.0,0.0,416419.7735240841,0.0,0.0,0.0,0.0,0.0,0.0,13298123.24693769
2025-01-18,0.0,0.0,0.0,0.0,0.0,890228.9920159788,0.0,0.0,0.0,1052348.9875222468,0.0,0.0,416419.7735240841,0.0,0.0,0.0,0.0,0.0,0.0,13283404.24693769
2025-01-19,0.0,0.0,0.0,0.0,0.0,890228.9920159788,0.0,0.0,0.0,1052348.9875222468,0.0,0.0,416419.7735240841,0.0,0.0,0.0,0.0,0.0,0.0,13268685.24693769
2025-01-20,0.0,0.0,0.0,0.0,0.0,892715.9749261555,0.0,0.0,0.0,1055288.8759902497,0.0,0.0,417583.102138971,0.0,0.0,0.0,0.0,0.0,0.0,13247377.046944624
2025-01-21,0.0,0.0,0.0,0.0,0.0,896585.8576235231,0.0,0.0,0.0,1044319.3686274197,0.0,0.0,408609.25571065955,0.0,0.0,0.0,0.0,0.0,0.0,13248731.518038398
2025-01-22,0.0,0.0,0.0,0.0,0.0,866822.3209528476,0.0,0.0,0.0,1177346.1084389873,0.0,0.0,531591.5529426634,0.0,0.0,0.0,0.0,0.0,0.0,13007767.017665502
2025-01-23,0.0,0.0,0.0,0.0,0.0,961724.2904937901,0.0,0.0,0.0,1353543.5546182902,0.0,0.0,667111.4940281073,781852.1144632921,0.0,0.0,0.0,0.0,0.0,11804577.54639652
2025-01-24,0.0,0.0,0.0,0.0,0.0,1012684.092975331,0.0,0.0,0.0,1347550.0775185414,0.0,0.0,665056.7742271582,777129.9627717957,0.0,0.0,0.0,0.0,0.0,11751669.092507174
2025-01-25,0.0,0.0,0.0,0.0,0.0,1012684.092975331,0.0,0.0,0.0,1347550.0775185414,0.0,0.0,665056.7742271582,777129.9627717957,0.0,0.0,0.0,0.0,0.0,11736950.092507174
2025-01-26,0.0,0.0,0.0,0.0,0.0,1012684.092975331,0.0,0.0,0.0,1347550.0775185414,0.0,0.0,665056.7742271582,777129.9627717957,0.0,0.0,0.0,0.0,0.0,11722232.092507174
2025-01-27,0.0,0.0,0.0,0.0,0.0,981319.0153463045,0.0,0.0,0.0,1335076.7109303572,0.0,0.0,688974.2163941497,574769.9917406216,0.0,0.0,0.0,0.0,0.0,11929794.065588567
2025-01-28,0.0,0.0,0.0,0.0,0.0,955602.0167115089,0.0,0.0,0.0,1283813.1257301257,0.0,0.0,675000.8304294432,587722.1463792175,0.0,0.0,0.0,0.0,0.0,11993076.880749704
2025-01-29,0.0,0.0,0.0,0.0,0.0,1002126.84782812,0.0,0.0,0.0,1315343.8900753297,0.0,0.0,677033.2683788147,612915.9425364956,0.0,0.0,0.0,0.0,0.0,11873076.05118124
2025-01-30,0.0,0.0,0.0,0.0,0.0,996390.6536403024,0.0,0.0,0.0,1360790.889296473,0.0,0.0,682546.0158140864,623664.9443620667,0.0,0.0,0.0,0.0,0.0,11802385.496887071
2025-01-31,0.0,0.0,0.0,0.0,0.0,1435814.250787537,0.0,0.0,0.0,1986247.1340890508,0.0,0.0,939227.0925880065,627097.3011395484,0.0,0.0,0.0,0.0,0.0,10162673.221395858
2025-02-01,0.0,0.0,0.0,0.0,0.0,1435814.250787537,0.0,0.0,0.0,1986247.1340890508,0.0,0.0,939227.0925880065,627097.3011395484,0.0,0.0,0.0,0.0,0.0,10127245.221395858
2025-02-02,0.0,0.0,0.0,0.0,0.0,1435814.250787537,0.0,0.0,0.0,1986247.1340890508,0.0,0.0,939227.0925880065,627097.3011395484,0.0,0.0,0.0,0.0,0.0,10091816.221395858
2025-02-03,0.0,0.0,0.0,0.0,0.0,1420904.159188713,0.0,0.0,0.0,1979793.2127534244,0.0,0.0,949383.529532684,619600.6269186139,0.0,0.0,0.0,0.0,0.0,10875092.471606564
2025-02-04,0.0,0.0,0.0,0.0,0.0,1456713.6285001868,0.0,0.0,0.0,2083786.1103122868,0.0,0.0,947492.4769229572,617674.3759077191,0.0,0.0,0.0,0.0,0.0,10703679.40835685
2025-02-05,0.0,0.0,0.0,0.0,0.0,1623534.5702753328,0.0,0.0,0.0,2555530.0044710934,0.0,0.0,944663.2246823236,643128.8925850466,0.0,0.0,0.0,0.0,0.0,10007061.307986204
2025-02-06,0.0,0.0,0.0,0.0,0.0,1679608.2101176772,0.0,0.0,0.0,2489497.4570079595,0.0,0.0,948866.7342660306,675522.8946294449,0.0,0.0,0.0,0.0,0.0,9944993.703978889
2025-02-07,0.0,0.0,0.0,0.0,0.0,1726820.3684332478,0.0,0.0,0.0,2713044.733428955,0.0,0.0,1078728.2182617188,660790.958244592,0.0,0.0,0.0,0.0,0.0,6523676.721631486
2025-02-08,0.0,0.0,0.0,0.0,0.0,1726820.3684332478,0.0,0.0,0.0,2713044.733428955,0.0,0.0,1078728.2182617188,660790.958244592,0.0,0.0,0.0,0.0,0.0,6488248.721631486
2025-02-09,0.0,0.0,0.0,0.0,0.0,1726820.3684332478,0.0,0.0,0.0,2713044.733428955,0.0,0.0,1078728.2182617188,660790.958244592,0.0,0.0,0.0,0.0,0.0,6452819.721631486
2025-02-10,0.0,0.0,0.0,0.0,0.0,1769441.0630424432,0.0,0.0,0.0,3159102.209198941,0.0,0.0,1061389.6274026856,671693.3684275448,0.0,0.0,0.0,0.0,0.0,5935149.731928386
2025-02-11,0.0,0.0,0.0,0.0,0.0,2244227.6757614426,0.0,0.0,0.0,3909992.1779334582,0.0,0.0,1302076.1028257757,1258105.968750894,0.0,0.0,0.0,0.0,0.0,3846946.0747284293
2025-02-12,0.0,0.0,0.0,0.0,0.0,2200308.9998435974,0.0,0.0,0.0,4184166.0930461884,0.0,0.0,1408475.1790904999,1151049.170135498,0.0,0.0,0.0,0.0,0.0,3581920.5578842163
2025-02-13,0.0,148677.45808862802,0.0,0.0,158085.0290875733,2262622.966209282,0.0,0.0,0.0,4265747.817307251,0.0,0.0,1440154.5848534666,1142677.6024980322,0.0,0.0,0.0,0.0,0.0,3072525.541955767
2025-02-14,0.0,149674.885559991,0.0,0.0,156133.68346430175,2054028.0765732443,0.0,0.0,0.0,4225665.628298365,0.0,0.0,1395865.4902278446,1121172.6481821388,0.0,0.0,0.0,0.0,0.0,3352522.587694116
2025-02-15,0.0,149674.885559991,0.0,0.0,156133.68346430175,2054028.0765732443,0.0,0.0,0.0,4225665.628298365,0.0,0.0,1395865.4902278446,1121172.6481821388,0.0,0.0,0.0,0.0,0.0,3317094.587694116
2025-02-16,0.0,149674.885559991,0.0,0.0,156133.68346430175,2054028.0765732443,0.0,0.0,0.0,4225665.628298365,0.0,0.0,1395865.4902278446,1121172.6481821388,0.0,0.0,0.0,0.0,0.0,3281665.587694116
2025-02-17,0.0,149036.12803877145,0.0,0.0,155467.362162265,2045262.23801724,0.0,0.0,0.0,4207632.037077393,0.0,0.0,1389908.4482220467,1116387.8944879398,0.0,0.0,0.0,0.0,0.0,3285083.891994344
2025-02-18,0.0,152584.86096815765,0.0,0.0,161338.0764684528,2092544.2809573598,0.0,0.0,0.0,4300866.997529559,0.0,0.0,1400400.6696841866,1132834.8813514113,0.0,0.0,0.0,0.0,0.0,3072780.233040873
2025-02-19,0.0,148450.01469599083,0.0,0.0,160551.80843741167,2355096.764215515,0.0,0.0,0.0,4257222.043119334,0.0,0.0,1404927.6430014148,1135526.6892400011,0.0,290234.2979694158,0.0,0.0,0.0,2525912.739320917
2025-02-20,0.0,145266.1432580985,0.0,0.0,161672.42517714202,2408544.108859133,0.0,0.0,0.0,4147257.5667574704,0.0,0.0,1410532.4382073358,1096066.1094376445,0.0,283693.67797766626,0.0,0.0,0.0,2589460.5303255096
2025-02-21,0.0,407963.5739434585,0.0,0.0,158210.97131930292,2300121.433149134,0.0,0.0,0.0,4045640.380620852,0.0,0.0,1387932.8404094558,1038060.1490024775,0.0,413847.4137734603,0.0,0.0,0.0,2455288.237781858
2025-02-22,0.0,407963.5739434585,0.0,0.0,158210.97131930292,2300121.433149134,0.0,0.0,0.0,4045640.380620852,0.0,0.0,1387932.8404094558,1038060.1490024775,0.0,413847.4137734603,0.0,0.0,0.0,2419860.237781858
2025-02-23,0.0,407963.5739434585,0.0,0.0,158210.97131930292,2300121.433149134,0.0,0.0,0.0,4045640.380620852,0.0,0.0,1387932.8404094558,1038060.1490024775,0.0,413847.4137734603,0.0,0.0,0.0,2384431.237781858
2025-02-24,0.0,402948.26525732875,0.0,0.0,155868.29002773017,2487605.8963505365,0.0,0.0,0.0,4022437.875820756,0.0,0.0,1412847.4511266798,1024338.9734975696,0.0,416832.0400744602,0.0,0.0,0.0,2177901.207844939
2025-02-25,0.0,406581.24917367473,0.0,0.0,153763.06946533453,2543003.9375392185,0.0,0.0,0.0,3827410.573613953,0.0,0.0,1419863.8027844997,1046065.1515308917,0.0,419488.0174026601,0.0,0.0,0.0,2249176.1984897666
2025-02-26,0.0,413669.85122680664,0.0,0.0,156925.44776916504,2514645.5809879303,0.0,0.0,0.0,3829687.692214966,0.0,0.0,1408443.4602012634,1067217.288482666,0.0,423080.1954574585,0.0,0.0,0.0,2216254.4836597443
2025-02-27,0.0,394912.1705602538,0.0,0.0,152376.89207014907,2484334.4885406084,0.0,0.0,0.0,3903917.4690314904,0.0,0.0,1453210.922444732,1018974.6503667757,0.0,406807.36624007765,0.0,0.0,0.0,2179961.040745914
2025-02-28,0.0,678870.7886275835,0.0,0.0,154045.63236391172,2430789.6479724,0.0,0.0,0.0,3703986.2150547616,0.0,0.0,1481771.4620341547,1049292.272152543,0.0,701992.478087428,0.0,0.0,0.0,1758318.503707219
2025-03-01,0.0,678870.7886275835,0.0,0.0,154045.63236391172,2430789.6479724,0.0,0.0,0.0,3703986.2150547616,0.0,0.0,1481771.4620341547,1049292.272152543,0.0,701992.478087428,0.0,0.0,0.0,1750465.503707219
2025-03-02,0.0,678870.7886275835,0.0,0.0,154045.63236391172,2430789.6479724,0.0,0.0,0.0,3703986.2150547616,0.0,0.0,1481771.4620341547,1049292.272152543,0.0,701992.478087428,0.0,0.0,0.0,1742612.503707219
2025-03-03,0.0,658980.7969900407,0.0,0.0,153317.997131126,2433220.202622465,0.0,0.0,0.0,3323088.9558911175,0.0,0.0,1493054.3478453998,1004872.7515802383,0.0,688383.3408735972,0.0,0.0,0.0,2180589.607066015
2025-03-04,0.0,654936.0789583717,0.0,0.0,152977.93143115472,2480877.957592956,0.0,0.0,0.0,3452728.345147781,0.0,0.0,1473340.4184262315,984970.5678640008,0.0,664503.578088996,0.0,0.0,0.0,2063323.1224905103
2025-03-05,0.0,666353.6560597317,0.0,0.0,152044.01096544508,2468185.9614879917,0.0,0.0,0.0,4383219.368557845,0.0,0.0,1459896.2735819248,1009059.8185476512,0.0,667041.385527011,0.0,0.0,0.0,1146877.5252723992
2025-03-06,0.0,650258.5810957476,0.0,0.0,148997.0891613867,2424364.818022521,0.0,0.0,0.0,4378153.108886719,0.0,0.0,1450504.881251229,943084.8596845418,0.0,654498.8689969294,0.0,0.0,0.0,1294962.7929009255
2025-03-07,0.0,651461.2904930115,0.0,0.0,148842.22565841675,2355132.225828171,0.0,0.0,0.0,4618819.313331604,0.0,0.0,1447946.5,934230.7301330566,0.0,665199.7407531738,0.0,0.0,0.0,1115339.9738025665
2025-03-08,0.0,651461.2904930115,0.0,0.0,148842.22565841675,2355132.225828171,0.0,0.0,0.0,4618819.313331604,0.0,0.0,1447946.5,934230.7301330566,0.0,665199.7407531738,0.0,0.0,0.0,1107486.9738025665
2025-03-09,0.0,651461.2904930115,0.0,0.0,148842.22565841675,2355132.225828171,0.0,0.0,0.0,4618819.313331604,0.0,0.0,1447946.5,934230.7301330566,0.0,665199.7407531738,0.0,0.0,0.0,1099633.9738025665
2025-03-10,0.0,614553.5838356428,0.0,0.0,148161.9407477528,2369852.2535539046,0.0,0.0,0.0,4318387.599854674,0.0,0.0,1443251.8083653077,903559.1504627019,0.0,677167.2345948871,0.0,0.0,0.0,1438480.4285851289
2025-03-11,0.0,640211.1934839282,0.0,0.0,150212.90171795525,2480361.517433077,0.0,0.0,0.0,4382892.195648532,0.0,0.0,1443902.1300390735,943181.9416668266,0.0,678424.4383318815,0.0,0.0,0.0,1186374.6816787254
2025-03-12,0.0,671305.8789685741,0.0,0.0,151108.9582586512,2416058.455365328,0.0,0.0,0.0,4320789.553585555,0.0,0.0,1423102.452807203,972107.8686476648,0.0,685589.4126378559,0.0,0.0,0.0,1257645.4197291676
2025-03-13,0.0,660859.2188835144,0.0,0.0,146875.1773738861,2437001.6339063644,0.0,0.0,0.0,4280795.507717133,0.0,0.0,1440796.4208602905,945536.6264343262,0.0,668654.1862487793,0.0,0.0,0.0,1309336.2285757065
2025-03-14,0.0,675880.9412446804,0.0,0.0,150222.11668578908,2491606.635015318,0.0,0.0,0.0,4345651.72338577,0.0,0.0,1479780.4873335175,988688.5725806653,0.0,692566.8313768692,0.0,0.0,0.0,1057604.6923773903
2025-03-15,0.0,675880.9412446804,0.0,0.0,150222.11668578908,2491606.635015318,0.0,0.0,0.0,4345651.72338577,0.0,0.0,1479780.4873335175,988688.5725806653,0.0,692566.8313768692,0.0,0.0,0.0,1049751.6923773903
2025-03-16,0.0,675880.9412446804,0.0,0.0,150222.11668578908,2491606.635015318,0.0,0.0,0.0,4345651.72338577,0.0,0.0,1479780.4873335175,988688.5725806653,0.0,692566.8313768692,0.0,0.0,0.0,1041899.6923773903
2025-03-17,0.0,673358.595346557,0.0,0.0,148790.48258942366,2439525.2078923676,0.0,0.0,0.0,4444671.296580279,0.0,0.0,1518720.355718322,1000930.3483550698,0.0,697566.6042055748,0.0,0.0,0.0,934881.1093124058
2025-03-18,0.0,658075.6388088502,0.0,0.0,147974.73082583584,2488263.7854374154,0.0,0.0,0.0,4411740.4313871935,0.0,0.0,1480427.5254009701,976117.0582891703,0.0,682362.1905548312,0.0,0.0,0.0,1005629.6392957345
2025-03-19,0.0,692753.4058693796,0.0,0.0,150920.88211284578,2423191.816524882,0.0,0.0,0.0,4538688.647588298,0.0,0.0,1485293.8834480941,1033161.3013559282,0.0,689177.761423979,0.0,0.0,0.0,829550.3016765937
2025-03-20,0.0,679369.9231220176,0.0,0.0,149347.18115090858,2367662.826131587,0.0,0.0,0.0,4583254.032815726,0.0,0.0,1467855.4269430842,1027073.7480753735,0.0,723503.4294754453,0.0,0.0,0.0,836818.4322858583
2025-03-21,0.0,680273.7266868586,0.0,0.0,151176.88477578573,2381483.3238824992,0.0,0.0,0.0,4563361.30728556,0.0,0.0,1483087.35938361,1029469.6652869508,0.0,713528.3312865114,0.0,0.0,0.0,824651.4014122225
2025-03-22,0.0,680273.7266868586,0.0,0.0,151176.88477578573,2381483.3238824992,0.0,0.0,0.0,4563361.30728556,0.0,0.0,1483087.35938361,1029469.6652869508,0.0,713528.3312865114,0.0,0.0,0.0,816799.4014122225
2025-03-23,0.0,680273.7266868586,0.0,0.0,151176.88477578573,2381483.3238824992,0.0,0.0,0.0,4563361.30728556,0.0,0.0,1483087.35938361,1029469.6652869508,0.0,713528.3312865114,0.0,0.0,0.0,808946.4014122225
2025-03-24,0.0,706246.1519452091,0.0,0.0,152599.66636068933,2457844.889307199,0.0,0.0,0.0,4773659.62351476,0.0,0.0,1514743.7105163764,1107877.5778958201,0.0,730963.2532780431,0.0,0.0,0.0,659539.1271819025
2025-03-25,0.0,679458.5103369504,0.0,0.0,153043.8797835037,2495069.610558767,0.0,0.0,0.0,4721008.050565217,0.0,0.0,1525478.0324529484,1090932.5481833518,0.0,714835.8878791891,0.0,0.0,0.0,715794.480240073
2025-03-26,0.0,663953.5683176061,0.0,0.0,152088.891237895,2489484.1659620614,0.0,0.0,0.0,4813580.492472722,0.0,0.0,1542841.1995407073,1007779.7766752243,0.0,705743.3036630787,0.0,0.0,0.0,712296.6021307036
2025-03-27,0.0,659075.7464728784,0.0,0.0,154195.50849973038,2567060.388635134,0.0,0.0,0.0,4792861.5674904,0.0,0.0,1562913.307835646,971289.2819217443,0.0,721620.3149269801,0.0,0.0,0.0,650898.8842174876
2025-03-28,0.0,649931.9728569034,0.0,0.0,151002.05617882777,2473870.0267460058,0.0,0.0,0.0,4701496.66366834,0.0,0.0,1528639.8734575436,944957.7107577324,0.0,702119.8804515228,0.0,0.0,0.0,920044.8158831242
2025-03-29,0.0,649931.9728569034,0.0,0.0,151002.05617882777,2473870.0267460058,0.0,0.0,0.0,4701496.66366834,0.0,0.0,1528639.8734575436,944957.7107577324,0.0,702119.8804515228,0.0,0.0,0.0,912191.8158831242
2025-03-30,0.0,649931.9728569034,0.0,0.0,151002.05617882777,2473870.0267460058,0.0,0.0,0.0,4701496.66366834,0.0,0.0,1528639.8734575436,944957.7107577324,0.0,702119.8804515228,0.0,0.0,0.0,904338.8158831242
2025-03-31,0.0,647923.4801934566,0.0,0.0,151981.5287119886,2442073.5299070203,0.0,0.0,0.0,4596285.248488926,0.0,0.0,1554606.4328941377,944602.1328877509,0.0,717457.453586692,0.0,0.0,0.0,993574.193330029
2025-04-01,0.0,670124.7307942808,0.0,0.0,155059.2665784359,2463740.825114697,0.0,0.0,0.0,4679419.4944949,0.0,0.0,1556656.5272073,968757.7267620564,0.0,722800.0362445414,0.0,0.0,0.0,815899.3928037882
2025-04-02,0.0,681979.7334836237,0.0,0.0,155284.19502373785,2390273.570745983,0.0,0.0,0.0,4711165.707288818,0.0,0.0,1565547.4132636506,1003448.7484733015,0.0,722368.3561886474,0.0,0.0,0.0,786344.2755322382
2025-04-03,0.0,636490.1325292885,0.0,0.0,148396.91432267427,2241942.837051116,0.0,0.0,0.0,4096467.536658235,0.0,0.0,1552653.6648847163,910390.7312616706,0.0,707922.0587657765,0.0,0.0,0.0,1706103.124526523
2025-04-04,0.0,620774.3971981341,0.0,0.0,142725.0605730433,2054254.7137373756,0.0,0.0,0.0,3733644.136794038,0.0,0.0,1401545.5495107677,857859.6143449694,0.0,651920.8760277135,0.0,0.0,0.0,2521596.651813958
2025-04-05,0.0,620774.3971981341,0.0,0.0,142725.0605730433,2054254.7137373756,0.0,0.0,0.0,3733644.136794038,0.0,0.0,1401545.5495107677,857859.6143449694,0.0,651920.8760277135,0.0,0.0,0.0,2505550.651813958
2025-04-06,0.0,620774.3971981341,0.0,0.0,142725.0605730433,2054254.7137373756,0.0,0.0,0.0,3733644.136794038,0.0,0.0,1401545.5495107677,857859.6143449694,0.0,651920.8760277135,0.0,0.0,0.0,2489504.651813958
2025-04-07,0.0,744414.4547280818,0.0,0.0,141915.40443214774,2076023.7091426458,0.0,0.0,0.0,4243359.749275524,0.0,0.0,1363555.7467864864,907931.6498511136,0.0,617178.4569616243,0.0,0.0,0.0,1841803.8288223762
2025-04-08,0.0,752272.300312724,0.0,0.0,140999.59286425263,2223860.8556284336,0.0,0.0,0.0,3957193.686259575,0.0,0.0,1397363.7929758616,915281.2400861084,0.0,655321.6588729993,0.0,0.0,0.0,3277844.8730000444
2025-04-09,0.0,831020.4693249352,0.0,0.0,151602.05247907434,2310965.803915325,0.0,0.0,0.0,4467485.111683554,0.0,0.0,1495462.9561907137,1057426.942268826,0.0,694140.4715746362,0.0,0.0,0.0,2295988.192562936
2025-04-10,0.0,777522.6303237677,0.0,0.0,142575.1524026189,2200618.332783538,0.0,0.0,0.0,4328268.89685533,0.0,0.0,1438722.8814320974,1457450.0107113943,0.0,755142.1001178268,0.0,0.0,0.0,2187745.995373426
2025-04-11,0.0,796570.6294083148,0.0,0.0,149641.2274255827,2395506.0233972967,0.0,0.0,0.0,4874934.044193085,0.0,0.0,1471540.8929174915,1515005.4812263548,0.0,765404.799846448,0.0,0.0,0.0,1303396.9015854262
2025-04-12,0.0,796570.6294083148,0.0,0.0,149641.2274255827,2395506.0233972967,0.0,0.0,0.0,4874934.044193085,0.0,0.0,1471540.8929174915,1515005.4812263548,0.0,765404.799846448,0.0,0.0,0.0,1287350.9015854262
2025-04-13,0.0,796570.6294083148,0.0,0.0,149641.2274255827,2395506.0233972967,0.0,0.0,0.0,4874934.044193085,0.0,0.0,1471540.8929174915,1515005.4812263548,0.0,765404.799846448,0.0,0.0,0.0,1271305.9015854262
2025-04-14,0.0,790961.5559210479,0.0,0.0,148310.99729683995,2311427.768084919,0.0,0.0,0.0,4551177.090327865,0.0,0.0,1449659.0012542587,1492598.8308266401,0.0,757322.5821614824,0.0,0.0,0.0,1722405.1741269454
2025-04-15,0.0,786323.9639015123,0.0,0.0,145356.37928509153,2339219.301414422,0.0,0.0,0.0,4356839.039069235,0.0,0.0,1443635.335600323,1512563.0300571732,0.0,769002.3167008809,0.0,0.0,0.0,1854877.6339713614
2025-04-16,0.0,783955.6665287465,0.0,0.0,146134.6583706513,2349756.1755515356,0.0,0.0,0.0,4374743.984933579,0.0,0.0,1450109.1603335626,1490565.4805541784,0.0,766879.8421118371,0.0,0.0,0.0,1829626.0316159092
2025-04-17,0.0,769224.2998827472,0.0,0.0,144295.3182134293,2430650.0269625057,0.0,0.0,0.0,4604237.897414481,0.0,0.0,1440067.957464438,1472086.6520552784,0.0,764953.6483859029,0.0,0.0,0.0,1550209.1996212173
2025-04-18,0.0,769224.2998827472,0.0,0.0,144295.3182134293,2430650.0269625057,0.0,0.0,0.0,4604237.897414481,0.0,0.0,1440067.957464438,1472086.6520552784,0.0,764953.6483859029,0.0,0.0,0.0,1534164.1996212173
2025-04-19,0.0,769224.2998827472,0.0,0.0,144295.3182134293,2430650.0269625057,0.0,0.0,0.0,4604237.897414481,0.0,0.0,1440067.957464438,1472086.6520552784,0.0,764953.6483859029,0.0,0.0,0.0,1518118.1996212173
2025-04-20,0.0,769224.2998827472,0.0,0.0,144295.3182134293,2430650.0269625057,0.0,0.0,0.0,4604237.897414481,0.0,0.0,1440067.957464438,1472086.6520552784,0.0,764953.6483859029,0.0,0.0,0.0,1502072.1996212173
2025-04-21,0.0,734678.96612598,0.0,0.0,141535.9448199123,2354307.6166335866,0.0,0.0,0.0,4465855.657829335,0.0,0.0,1396820.823651608,1388402.6745046377,0.0,737744.2604075298,0.0,0.0,0.0,1892196.0560274106
2025-04-22,0.0,752316.8368149083,0.0,0.0,145947.95528557152,2409718.084984983,0.0,0.0,0.0,4568938.008372439,0.0,0.0,1453555.7852537837,1447392.5323954783,0.0,759948.059455643,0.0,0.0,0.0,1562785.7374371942
2025-04-23,0.0,771473.4480467252,0.0,0.0,148528.87656353414,2454422.620322462,0.0,0.0,0.0,4627242.825761531,0.0,0.0,1454388.5679717828,1520825.826469995,0.0,779936.1014330527,0.0,0.0,0.0,1338291.7334309183
2025-04-24,0.0,806530.0515813567,0.0,0.0,149365.52112920582,2492886.139149745,0.0,0.0,0.0,4883879.466887889,0.0,0.0,1445136.4215897378,1605400.2915489972,0.0,775617.702951354,0.0,0.0,0.0,920248.405161716
2025-04-25,0.0,791105.3359145746,0.0,37723.2585747228,150279.0382812433,2445406.3552102633,0.0,0.0,0.0,4938354.690039512,0.0,0.0,1426456.3120467104,1700244.5681375116,0.0,764761.6356336884,0.0,0.0,0.0,808686.8061617743
2025-04-26,0.0,791105.3359145746,0.0,37723.2585747228,150279.0382812433,2445406.3552102633,0.0,0.0,0.0,4938354.690039512,0.0,0.0,1426456.3120467104,1700244.5681375116,0.0,764761.6356336884,0.0,0.0,0.0,792640.8061617743
2025-04-27,0.0,791105.3359145746,0.0,37723.2585747228,150279.0382812433,2445406.3552102633,0.0,0.0,0.0,4938354.690039512,0.0,0.0,1426456.3120467104,1700244.5681375116,0.0,764761.6356336884,0.0,0.0,0.0,776594.8061617743
2025-04-28,0.0,796262.252358757,0.0,39206.00395045057,150196.32151069958,2446375.712432668,0.0,0.0,0.0,4994969.935124265,0.0,0.0,1441801.466307275,1695895.0676899217,0.0,775264.8401395795,0.0,0.0,0.0,674909.4004863836
2025-04-29,0.0,805930.2891920395,0.0,39621.76526620798,151966.0194004383,2432855.2888478967,0.0,0.0,0.0,5131691.40375058,0.0,0.0,1459270.4805220459,1707636.8157886304,0.0,772896.9041152601,0.0,0.0,0.0,496966.0331169013
2025-04-30,0.0,801224.6027680635,0.0,37809.65246719518,147827.8842571238,2383488.410403442,0.0,0.0,0.0,4920399.5687985495,0.0,0.0,1427553.515697864,1702065.988949161,0.0,752833.9900027248,0.0,0.0,0.0,809585.3866558746
2025-05-01,0.0,835348.7281036377,0.0,37091.303866711445,148549.65967178345,2251648.100709915,0.0,0.0,0.0,5054525.918030739,0.0,0.0,1404344.2588233948,1780567.5676345825,0.0,749869.8671388626,0.0,0.0,0.0,718067.5960203744
2025-05-02,0.0,857559.4328018613,0.0,37517.72893182747,151232.92273391224,2368558.538639564,0.0,0.0,0.0,5247515.044561688,0.0,0.0,1459898.556156951,1855081.1863580458,0.0,801656.7255943906,0.0,0.0,0.0,198217.86422175914
2025-05-03,0.0,857559.4328018613,0.0,37517.72893182747,151232.92273391224,2368558.538639564,0.0,0.0,0.0,5247515.044561688,0.0,0.0,1459898.556156951,1855081.1863580458,0.0,801656.7255943906,0.0,0.0,0.0,195441.86422175914
2025-05-04,0.0,857559.4328018613,0.0,37517.72893182747,151232.92273391224,2368558.538639564,0.0,0.0,0.0,5247515.044561688,0.0,0.0,1459898.556156951,1855081.1863580458,0.0,801656.7255943906,0.0,0.0,0.0,192665.86422175914
2025-05-05,0.0,833666.5034013502,0.0,36771.58702596277,144192.40553162992,2308324.5332589652,0.0,0.0,0.0,5051357.820097271,0.0,0.0,1424611.83503888,1821637.1695634164,0.0,798562.5464036642,0.0,0.0,0.0,549786.5996788591
2025-05-06,0.0,810819.6196404062,0.0,36379.286134913564,138196.83930737432,2282231.2280921033,0.0,0.0,0.0,5252635.90607064,0.0,0.0,1405980.5050048828,1763709.6205479205,0.0,773441.7249042359,0.0,0.0,0.0,502740.2702975236
2025-05-07,0.0,800273.3554462641,0.0,38151.25104051456,138209.97069171816,2198485.9875016473,0.0,141478.99846967496,0.0,5149682.317518052,0.0,0.0,1401701.8011339605,1777342.3955230862,0.0,706639.740445517,0.0,0.0,0.0,611393.1822295655
2025-05-08,0.0,831954.0709890425,0.0,39048.88558265101,145045.3731169924,2207689.3185237423,0.0,143796.556871105,0.0,5459701.375915203,0.0,0.0,1453405.169506371,1835675.6743468344,0.0,700191.0818568431,0.0,0.0,0.0,144076.4932912141
2025-05-09,0.0,831993.693041347,0.0,38637.20787081448,143485.23408800643,2220012.9445369774,0.0,146580.74727575015,0.0,5528010.3431135155,0.0,0.0,1459919.7577487333,1826361.09213645,0.0,706547.5862607043,0.0,0.0,0.0,56259.39392770268
2025-05-10,0.0,831993.693041347,0.0,38637.20787081448,143485.23408800643,2220012.9445369774,0.0,146580.74727575015,0.0,5528010.3431135155,0.0,0.0,1459919.7577487333,1826361.09213645,0.0,706547.5862607043,0.0,0.0,0.0,53483.39392770268
2025-05-11,0.0,831993.693041347,0.0,38637.20787081448,143485.23408800643,2220012.9445369774,0.0,146580.74727575015,0.0,5528010.3431135155,0.0,0.0,1459919.7577487333,1826361.09213645,0.0,706547.5862607043,0.0,0.0,0.0,50708.39392770268
2025-05-12,0.0,1523853.8944178391,0.0,37114.59744333476,144550.3438809989,2252037.9816068965,0.0,146641.8375970465,0.0,5674086.992240965,0.0,0.0,0.0,1885938.520982299,0.0,698518.6550513804,0.0,0.0,142656.14231555955,444084.0344636813
2025-05-13,0.0,1598860.7759149298,0.0,37590.605555704795,148553.5224584844,2389447.879594965,0.0,150798.09081028216,0.0,5710495.203279764,0.0,0.0,0.0,1970773.3624093384,0.0,730014.7532845996,0.0,0.0,140753.3789702109,69419.42772172019
2025-05-14,0.0,1606908.7494506836,0.0,38505.81036105985,144866.61364746094,2339505.0352478027,0.0,152022.1983947754,0.0,5723825.897369385,0.0,0.0,0.0,1980389.7795410156,0.0,741144.254699707,0.0,0.0,137847.5951385498,78916.06614956073
2025-05-15,0.0,1578687.839593023,0.0,38467.0012601919,149388.19509045035,2301123.389063312,0.0,153287.0097240312,0.0,6135507.994815096,0.0,0.0,0.0,1950834.0164306313,0.0,735375.5507149366,0.0,0.0,135103.68114978774,8759575.32215854
2025-05-16,0.0,1593496.8609333672,0.0,97462.45947830088,148431.45856015384,2370041.4468027838,0.0,153051.99952761456,0.0,6078937.054357007,0.0,0.0,0.0,1974401.6404305696,0.0,735791.5479797926,0.0,0.0,137536.62465329748,8645422.907277115
2025-05-17,0.0,1593496.8609333672,0.0,97462.45947830088,148431.45856015384,2370041.4468027838,0.0,153051.99952761456,0.0,6078937.054357007,0.0,0.0,0.0,1974401.6404305696,0.0,735791.5479797926,0.0,0.0,137536.62465329748,8642646.907277115
2025-05-18,0.0,1593496.8609333672,0.0,97462.45947830088,148431.45856015384,2370041.4468027838,0.0,153051.99952761456,0.0,6078937.054357007,0.0,0.0,0.0,1974401.6404305696,0.0,735791.5479797926,0.0,0.0,137536.62465329748,8639871.907277115
2025-05-19,0.0,2197067.935425318,0.0,98039.338102662,149376.0552651789,3604606.1759101404,0.0,1372745.5909895338,0.0,6865070.297141841,0.0,0.0,0.0,1968727.34882899,0.0,724454.7924449332,0.0,0.0,141141.22772632982,4805018.238165073
2025-05-20,0.0,2166010.9506180882,0.0,131784.88021577615,146293.60834949836,3607560.257260088,0.0,1359729.2662159838,0.0,6895317.528294576,0.0,0.0,0.0,1964925.9107726142,0.0,723133.8016760917,0.0,0.0,141909.81869806303,4786804.97789922
2025-05-21,0.0,2173990.4336914234,0.0,136798.79341372394,146513.72335030138,3595181.666088693,0.0,1344991.0343112163,0.0,6695312.539864352,0.0,0.0,0.0,1940312.7482913136,0.0,706736.3668631073,0.0,0.0,140108.64187928382,5040750.0522465855
2025-05-22,0.0,2151115.5700086057,0.0,133717.75991604629,142002.54626639,3313539.539208485,0.0,1321766.560891279,0.0,6713833.904820764,0.0,0.0,0.0,1901640.4910609052,0.0,689351.1913502985,0.0,0.0,138485.0854752655,5412467.351001961
2025-05-23,0.0,2123108.1561140204,0.0,133982.62567537068,139525.8121027071,3367268.022632623,0.0,1339738.4390854128,0.0,6867966.897113493,0.0,0.0,0.0,1950296.9429402389,0.0,697332.4990310054,0.0,0.0,141034.81103719329,5154889.794267936
2025-05-24,0.0,2123108.1561140204,0.0,133982.62567537068,139525.8121027071,3367268.022632623,0.0,1339738.4390854128,0.0,6867966.897113493,0.0,0.0,0.0,1950296.9429402389,0.0,697332.4990310054,0.0,0.0,141034.81103719329,5152114.794267936
2025-05-25,0.0,2123108.1561140204,0.0,133982.62567537068,139525.8121027071,3367268.022632623,0.0,1339738.4390854128,0.0,6867966.897113493,0.0,0.0,0.0,1950296.9429402389,0.0,697332.4990310054,0.0,0.0,141034.81103719329,5149338.794267936
2025-05-26,0.0,2097578.7453640066,0.0,134131.62736399192,137848.07761841267,3449992.160621375,0.0,1323628.6931874007,0.0,7000791.691380404,0.0,0.0,0.0,1926845.5084961504,0.0,688947.392626591,0.0,0.0,139338.93152646255,5007714.171815205
2025-05-27,0.0,2156848.4087189427,0.0,133746.78093291493,142137.48983794358,3686838.2976779714,0.0,1350375.7525406429,0.0,7350664.684484247,0.0,0.0,0.0,1988547.9691495188,0.0,689153.0574833974,0.0,0.0,136057.5383969117,4269673.020777509
2025-05-28,0.0,2140851.6590434313,0.0,130221.96516774036,140414.51365708,3580579.3337249234,0.0,1347694.538810866,0.0,7333045.762275383,0.0,0.0,0.0,1963376.3343075067,0.0,688019.3515295647,0.0,0.0,134111.7463365174,4442951.795146991
2025-05-29,0.0,2120468.972565159,0.0,126472.72171682795,157889.54914683104,3550619.1134545803,0.0,1347232.5821825154,0.0,7353430.163796386,0.0,0.0,0.0,1969518.5178262442,0.0,697028.907169878,0.0,0.0,135780.36073059076,4440050.111410987
2025-05-30,0.0,2109387.3765105195,0.0,127211.69572717627,156818.45673732273,3476589.903440103,0.0,1338402.3467240436,0.0,7074467.556341579,0.0,0.0,0.0,1962482.6662022509,0.0,699305.2620375445,0.0,0.0,135944.67643616488,4815106.059843298
2025-05-31,0.0,2109387.3765105195,0.0,127211.69572717627,156818.45673732273,3476589.903440103,0.0,1338402.3467240436,0.0,7074467.556341579,0.0,0.0,0.0,1962482.6662022509,0.0,699305.2620375445,0.0,0.0,135944.67643616488,4812330.059843298
2025-06-01,0.0,2109387.3765105195,0.0,127211.69572717627,156818.45673732273,3476589.903440103,0.0,1338402.3467240436,0.0,7074467.556341579,0.0,0.0,0.0,1962482.6662022509,0.0,699305.2620375445,0.0,0.0,135944.67643616488,4848033.059843298
2025-06-02,0.0,2113345.0249783974,0.0,123266.1773995586,157897.65988895483,3478967.8620469496,0.0,1364804.494698694,0.0,7233058.909337511,0.0,0.0,0.0,1974306.3957601637,0.0,702186.4074582634,0.0,0.0,141170.27961119078,4675342.788820319
2025-06-03,0.0,2205477.492431528,0.0,120616.00398212345,162662.39247425925,3537801.6699363664,0.0,1350370.5970101804,0.0,7643930.862752185,0.0,0.0,0.0,2047024.5268150605,0.0,693148.4275218542,0.0,0.0,140771.94920622278,4098244.07787022
2025-06-04,0.0,2183362.724887859,0.0,121163.54475404334,165554.0263647884,3642014.4730185494,0.0,1327629.556180059,0.0,7540261.126367804,0.0,0.0,0.0,2057111.452785574,0.0,686433.0404703096,0.0,0.0,140045.2344964142,4172175.820674598
2025-06-05,0.0,2167403.941977569,0.0,118552.93760324665,162425.4932920821,3539553.99950096,0.0,1313727.7432405609,0.0,7472247.722359453,0.0,0.0,0.0,2034318.6332553215,0.0,680533.0253975247,0.0,0.0,135700.67322678748,4446989.830146495
2025-06-06,0.0,2153338.356865905,0.0,116670.68383145751,162019.9643967785,3586813.144322455,0.0,1321503.9757458754,0.0,7647654.174417574,0.0,0.0,0.0,2070743.3779058978,0.0,686166.6980271265,0.0,0.0,139586.38666549698,4222660.237821434
2025-06-07,0.0,2153338.356865905,0.0,116670.68383145751,162019.9643967785,3586813.144322455,0.0,1321503.9757458754,0.0,7647654.174417574,0.0,0.0,0.0,2070743.3779058978,0.0,686166.6980271265,0.0,0.0,139586.38666549698,4258363.237821434
2025-06-08,0.0,2153338.356865905,0.0,116670.68383145751,162019.9643967785,3586813.144322455,0.0,1321503.9757458754,0.0,7647654.174417574,0.0,0.0,0.0,2070743.3779058978,0.0,686166.6980271265,0.0,0.0,139586.38666549698,4294066.237821434
2025-06-09,0.0,2089267.2063347138,0.0,164528.6955762247,163381.1079318039,3661309.899180338,0.0,1300584.280588355,0.0,8041375.1537656225,0.0,0.0,0.0,2040432.8386591226,0.0,681072.0704134274,0.0,0.0,141831.47608913016,3930482.2714612596
2025-06-10,0.0,2032803.8481251104,0.0,172293.2251563028,160450.69237673935,3591004.799642902,0.0,1276464.9595871698,0.0,8375863.670813064,0.0,0.0,0.0,1977200.2591097318,0.0,679879.4178952547,0.0,0.0,141206.55658523552,3842800.570708491
2025-06-11,0.0,2031523.210509424,0.0,173262.5490385387,161814.66666115914,3666330.8838386834,0.0,1287340.1998764323,0.0,8533660.991932802,0.0,0.0,0.0,2028564.3946257234,0.0,677744.4575211429,0.0,0.0,149140.2842570038,3426289.3617390916
2025-06-12,0.0,2038923.4961326607,0.0,171725.78636408783,160814.38758205622,3586581.817587778,0.0,1296150.8563220613,0.0,8560964.183422476,0.0,0.0,0.0,2049863.5090317428,0.0,708566.4006079081,0.0,0.0,147494.51627672184,3450289.046672512
2025-06-13,0.0,1977990.7285356894,0.0,165834.59299153648,155232.75420628488,3525236.610569656,0.0,1283166.4924209192,0.0,8468312.452545203,0.0,0.0,0.0,1991520.9546017647,0.0,684346.8760847673,0.0,0.0,140445.64996012487,3814989.888084054
2025-06-14,0.0,1977990.7285356894,0.0,165834.59299153648,155232.75420628488,3525236.610569656,0.0,1283166.4924209192,0.0,8468312.452545203,0.0,0.0,0.0,1991520.9546017647,0.0,684346.8760847673,0.0,0.0,140445.64996012487,3850692.888084054
2025-06-15,0.0,1977990.7285356894,0.0,165834.59299153648,155232.75420628488,3525236.610569656,0.0,1283166.4924209192,0.0,8468312.452545203,0.0,0.0,0.0,1991520.9546017647,0.0,684346.8760847673,0.0,0.0,140445.64996012487,3886394.888084054
2025-06-16,0.0,2051800.2240055287,0.0,170746.39743198524,157942.71692549437,3569897.838609617,0.0,1290659.5254380568,0.0,8429739.590454102,0.0,0.0,0.0,2047648.2807158902,0.0,700504.3790803053,0.0,0.0,139244.27889034268,3756001.768448677
2025-06-17,0.0,2049481.7414698284,0.0,172394.94367730222,155641.6166143585,3541556.5560574234,0.0,1277346.0237802193,0.0,8310157.214510627,0.0,0.0,0.0,2014083.940004602,0.0,675605.6293702032,0.0,0.0,128242.31962347403,4025378.0148919635
2025-06-18,0.0,2043047.5257110596,0.0,173477.43777625146,159528.77559280396,3622393.704269409,0.0,1301591.6892471313,0.0,9742878.592014313,0.0,0.0,0.0,2062874.4766845703,0.0,691145.3154220581,0.0,0.0,125142.31920719147,2463511.1640752107
2025-06-19,0.0,2028618.1788253784,0.0,174430.3776830947,158402.0783367157,3596809.9747390747,0.0,1292398.991695404,0.0,9674067.968130112,0.0,0.0,0.0,2048305.098815918,0.0,686263.9921150208,0.0,0.0,124258.4817481041,2637739.857911177
2025-06-20,0.0,1959178.3055804763,0.0,171465.4310375685,158309.6606534999,3313749.18876075,0.0,1314892.4114189898,0.0,9589857.852172852,0.0,0.0,0.0,2058608.620239839,0.0,662731.1725964183,0.0,0.0,121952.74272587965,3106252.61481373
2025-06-21,0.0,1959178.3055804763,0.0,171465.4310375685,158309.6606534999,3313749.18876075,0.0,1314892.4114189898,0.0,9589857.852172852,0.0,0.0,0.0,2058608.620239839,0.0,662731.1725964183,0.0,0.0,121952.74272587965,3141954.61481373
2025-06-22,0.0,1959178.3055804763,0.0,171465.4310375685,158309.6606534999,3313749.18876075,0.0,1314892.4114189898,0.0,9589857.852172852,0.0,0.0,0.0,2058608.620239839,0.0,662731.1725964183,0.0,0.0,121952.74272587965,3177657.61481373
2025-06-23,0.0,2001497.309206333,0.0,167885.9466937196,161083.49782311358,3376361.3023247346,0.0,1308284.6953955367,0.0,9206946.55034775,0.0,0.0,0.0,2062631.7852356806,0.0,675421.3420325126,0.0,0.0,122362.1476288489,3481631.4233117737
2025-06-24,0.0,2019251.2035912462,0.0,169568.01351631293,162850.0262328051,3239205.903171301,0.0,1310298.4959798194,0.0,9160408.077070769,0.0,0.0,0.0,2093459.7128801644,0.0,693192.5795092508,0.0,0.0,121553.1423682021,3630021.845680129
2025-06-25,0.0,2007558.5300845653,0.0,166758.75996866962,161660.20777335763,3107963.1423784196,0.0,1299631.818232105,0.0,9725556.060981452,0.0,0.0,0.0,0.0,0.0,686963.0451172041,0.0,0.0,119132.64516025549,5360287.790303972
2025-06-26,0.0,2039204.2169437744,0.0,167151.1253496632,162880.01613321714,3194199.5881461725,0.0,1335214.8956852686,0.0,10764233.563187392,0.0,0.0,0.0,0.0,0.0,704370.7012380147,0.0,0.0,124846.76010698313,4179114.1332095154
2025-06-27,0.0,1998347.4681492895,0.0,165908.53581805946,162715.1842969004,3296655.0069236755,0.0,1328903.0881522084,0.0,10764858.645526553,0.0,0.0,0.0,0.0,0.0,712824.3897621473,0.0,0.0,122830.60785464477,4153874.0735165216
2025-06-28,0.0,1998347.4681492895,0.0,165908.53581805946,162715.1842969004,3296655.0069236755,0.0,1328903.0881522084,0.0,10764858.645526553,0.0,0.0,0.0,0.0,0.0,712824.3897621473,0.0,0.0,122830.60785464477,4189577.0735165216
2025-06-29,0.0,1998347.4681492895,0.0,165908.53581805946,162715.1842969004,3296655.0069236755,0.0,1328903.0881522084,0.0,10764858.645526553,0.0,0.0,0.0,0.0,0.0,712824.3897621473,0.0,0.0,122830.60785464477,4225280.073516522
2025-06-30,0.0,2038034.814722431,0.0,167646.34711014456,161187.15970244166,3488210.402615022,0.0,1343796.844500116,0.0,10693409.11855958,0.0,0.0,0.0,0.0,0.0,717634.9214990223,0.0,0.0,124154.86014591996,5479951.531145323
2025-07-01,0.0,2065161.2056732178,0.0,161314.25283410586,161322.95462036133,3341220.6070861816,0.0,1274927.3710956573,0.0,10934986.674900055,0.0,0.0,0.0,0.0,0.0,691670.2769565582,0.0,0.0,120555.89434146881,5566985.762492396
2025-07-02,0.0,2079470.2707809117,0.0,161783.7983293808,164931.62938330323,3808996.5721934363,0.0,1286565.1578354305,0.0,11643975.86826928,0.0,0.0,0.0,0.0,0.0,701544.1647417289,0.0,0.0,122952.00576297008,4452045.532703556
2025-07-03,0.0,2126266.285200119,0.0,160900.49170571845,165525.80502700806,810360.448425293,0.0,1275904.5153751373,0.0,11731864.19883728,0.0,0.0,0.0,731539.118850708,0.0,711201.5587654114,0.0,0.0,123824.15465116501,6688997.423162159
2025-07-04,0.0,2129954.547875463,0.0,161156.55579278246,165812.9292939622,811766.1153524816,0.0,1278117.7240565317,0.0,13058016.130749509,0.0,0.0,0.0,732808.0607731715,0.0,712435.222762296,0.0,0.0,148846.73091334524,5431589.982430462
2025-07-05,0.0,2129954.547875463,0.0,161156.55579278246,165812.9292939622,811766.1153524816,0.0,1278117.7240565317,0.0,13058016.130749509,0.0,0.0,0.0,732808.0607731715,0.0,712435.222762296,0.0,0.0,148846.73091334524,5535708.982430462
2025-07-06,0.0,2129954.547875463,0.0,161156.55579278246,165812.9292939622,811766.1153524816,0.0,1278117.7240565317,0.0,13058016.130749509,0.0,0.0,0.0,732808.0607731715,0.0,712435.222762296,0.0,0.0,148846.73091334524,5639828.982430462
2025-07-07,0.0,2079613.7401457783,0.0,164382.57954449742,158949.1293976754,801293.522824835,0.0,1270878.1795185506,0.0,13134331.679772958,0.0,0.0,0.0,736241.8030039072,0.0,712724.855879344,0.0,0.0,146136.80390249658,5738309.706009958
2025-07-08,0.0,2099223.0841403687,0.0,166395.89278000873,161216.01731121168,804993.8994448744,0.0,1263897.314177875,0.0,14249518.895253912,0.0,0.0,0.0,723673.6311002821,0.0,721643.1970173661,0.0,0.0,146894.0275605102,4709526.041213594
2025-07-09,0.0,2146978.070674762,0.0,158943.6140004848,162048.06942403503,803108.0269479677,0.0,1251355.6585866474,0.0,14834182.959043114,0.0,0.0,0.0,731783.8843155205,0.0,727471.2111668512,0.0,0.0,150787.81862759404,4184441.687213026
2025-07-10,0.0,2097129.8078155518,0.0,173405.43762973975,161430.8583908081,840655.1169433594,0.0,1245252.9361953735,0.0,15290139.548034668,0.0,0.0,0.0,731512.762512207,0.0,724993.8931808472,0.0,0.0,152155.8543434143,3838544.78495403
2025-07-11,0.0,2101719.195243912,0.0,169115.1092296245,156232.35707620438,869658.7687143534,138362.1176655274,1245640.4014083669,0.0,15165064.321773928,0.0,0.0,0.0,739171.590866752,0.0,726909.0245005377,0.0,0.0,152445.40191188967,3895021.7116089053
2025-07-12,0.0,2101719.195243912,0.0,169115.1092296245,156232.35707620438,869658.7687143534,138362.1176655274,1245640.4014083669,0.0,15165064.321773928,0.0,0.0,0.0,739171.590866752,0.0,726909.0245005377,0.0,0.0,152445.40191188967,3999141.7116089053
2025-07-13,0.0,2101719.195243912,0.0,169115.1092296245,156232.35707620438,869658.7687143534,138362.1176655274,1245640.4014083669,0.0,15165064.321773928,0.0,0.0,0.0,739171.590866752,0.0,726909.0245005377,0.0,0.0,152445.40191188967,4103260.7116089053
2025-07-14,0.0,2090785.4856715724,0.0,171111.98172204546,158224.1349302726,837227.0721007772,139388.11740346067,1285060.8055388192,0.0,14580763.740061946,0.0,0.0,0.0,746895.4868824482,0.0,719872.8783221547,0.0,0.0,154465.30104889534,4787903.99631761
2025-07-15,0.0,2085434.4104023185,0.0,166346.08549326658,158009.23471669108,833609.0118099824,141020.30266175233,1260611.798840275,0.0,14794693.51014981,0.0,0.0,0.0,743555.2944350541,0.0,699168.5558929518,0.0,0.0,149091.23605771177,4744278.559540182
2025-07-16,0.0,2116842.8963426873,0.0,162991.54550149105,158736.14341397956,822025.5963878073,141306.97648477182,1266103.7217577435,0.0,14706462.741174,0.0,0.0,0.0,756475.4925661385,0.0,721463.8550338466,0.0,0.0,147157.80226004776,4880371.229077488
2025-07-17,0.0,2160551.1859933147,0.0,166065.17095454503,157301.49283897597,872635.1696344279,139821.52636878658,1271188.5676310817,0.0,15419671.732137019,0.0,0.0,0.0,760990.4877824709,0.0,734929.3307322194,0.0,0.0,146164.46270592045,4154737.873221237
2025-07-18,0.0,2183862.221158608,0.0,158518.22551712394,155966.9993762551,874667.7543639578,138044.72739386,1301183.0667117233,0.0,15340638.375226865,0.0,0.0,0.0,769761.574742876,0.0,733280.2018236634,0.0,0.0,139686.79216668103,4292567.06151839
2025-07-19,0.0,2183862.221158608,0.0,158518.22551712394,155966.9993762551,874667.7543639578,138044.72739386,1301183.0667117233,0.0,15340638.375226865,0.0,0.0,0.0,769761.574742876,0.0,733280.2018236634,0.0,0.0,139686.79216668103,4396686.06151839
2025-07-20,0.0,2183862.221158608,0.0,158518.22551712394,155966.9993762551,874667.7543639578,138044.72739386,1301183.0667117233,0.0,15340638.375226865,0.0,0.0,0.0,769761.574742876,0.0,733280.2018236634,0.0,0.0,139686.79216668103,4500806.06151839
2025-07-21,0.0,2201852.7501593856,0.0,158409.56894896226,154479.184712925,904470.2459819298,138167.0307120178,1245278.636978434,0.0,15361486.749241836,0.0,0.0,0.0,756391.6275250018,0.0,729091.9106404614,0.0,0.0,142922.7720775134,4607984.52302153
2025-07-22,0.0,2223385.0551006524,0.0,159513.634617239,153807.64435342047,991334.3202738874,138955.81042524427,1234568.5089823636,0.0,15674812.645734074,0.0,0.0,0.0,733963.7346192375,0.0,727229.0597154545,0.0,0.0,141360.17417990137,4325724.411998525
2025-07-23,0.0,2233947.419327488,0.0,163120.7818195084,155490.13080671057,976008.0237878524,142034.5595844239,1232382.4475274263,0.0,16391097.342268992,0.0,0.0,0.0,754599.0368256271,0.0,725248.5148299756,0.0,0.0,142393.30533956923,3692452.4378824234
2025-07-24,0.0,2211174.8148531932,0.0,168329.6248873067,153720.8389155548,952990.2463354357,140476.60713868402,1236380.0444268063,0.0,16372818.74640027,0.0,0.0,0.0,771742.9506091624,0.0,707615.9202467371,145834.11712055653,0.0,142674.55175535288,3709135.537310943
2025-07-25,0.0,2208611.6789245605,0.0,165748.66716636112,152768.86923217773,935714.9699707031,140876.96041870117,1234109.221572876,0.0,16374408.207397461,0.0,0.0,0.0,943206.2038574219,0.0,721459.7080383301,141590.39581298828,0.0,148258.32188415527,3650259.7957242653
2025-07-26,0.0,2208611.6789245605,0.0,165748.66716636112,152768.86923217773,935714.9699707031,140876.96041870117,1234109.221572876,0.0,16374408.207397461,0.0,0.0,0.0,943206.2038574219,0.0,721459.7080383301,141590.39581298828,0.0,148258.32188415527,3754379.7957242653
2025-07-27,0.0,2208611.6789245605,0.0,165748.66716636112,152768.86923217773,935714.9699707031,140876.96041870117,1234109.221572876,0.0,16374408.207397461,0.0,0.0,0.0,943206.2038574219,0.0,721459.7080383301,141590.39581298828,0.0,148258.32188415527,593784.7957242653
2025-07-28,0.0,2248330.4142818134,0.0,161191.09087118763,156128.91748849675,869467.4212692529,141403.08874983527,1229232.77874952,0.0,16833825.89571515,132663.91114465875,0.0,0.0,956455.4594330639,0.0,706526.4195069429,141928.5413630493,0.0,149340.2431640625,138163.8182629682
2025-07-29,0.0,2338998.518685177,0.0,160905.7046104339,158644.90803055465,879407.9783643186,144520.99094804376,1242177.961938668,0.0,16782761.062719785,116685.77506905119,0.0,0.0,952922.2319718003,0.0,711775.1654666886,145825.9869741425,0.0,152101.05858621374,182049.65663512424
2025-07-30,0.0,2319159.086439726,0.0,161312.9689763533,160275.17556389607,842059.85831476,144496.99414751586,1254397.5607578638,0.0,16268967.079894347,117872.54315541443,0.0,0.0,974523.820495531,0.0,711458.7117947312,138108.24033413082,0.0,154913.44403765257,825351.5160880797
2025-07-31,0.0,2076685.7838452607,0.0,158961.74001204316,160614.95380671322,855771.4823990241,142371.2438221313,1346491.0135466047,0.0,16017182.483075615,105051.71217913268,0.0,0.0,977550.6685718,0.0,727673.5740891304,139252.001953125,0.0,156240.75256585702,1313168.5901335664
2025-08-01,0.0,2063509.3806590885,0.0,154323.95878534997,182039.4729450345,856981.5341960639,141961.84652508236,1358712.9738786025,0.0,15211847.885074094,119809.00639992615,0.0,0.0,965730.0288453698,0.0,710377.1451960783,139151.0009765625,0.0,161387.33029563446,2226277.436223116
2025-08-02,0.0,2063509.3806590885,0.0,154323.95878534997,182039.4729450345,856981.5341960639,141961.84652508236,1358712.9738786025,0.0,15211847.885074094,119809.00639992615,0.0,0.0,965730.0288453698,0.0,710377.1451960783,139151.0009765625,0.0,161387.33029563446,2341370.436223116
2025-08-03,0.0,2063509.3806590885,0.0,154323.95878534997,182039.4729450345,856981.5341960639,141961.84652508236,1358712.9738786025,0.0,15211847.885074094,119809.00639992615,0.0,0.0,965730.0288453698,0.0,710377.1451960783,139151.0009765625,0.0,161387.33029563446,2456463.436223116
2025-08-04,0.0,2301571.032502502,0.0,157866.71137895202,194288.50207530893,876282.0595969632,141186.68286088854,1366937.3975951923,0.0,16318489.491570555,140213.56239156274,0.0,0.0,0.0,0.0,714876.2339017424,145134.7997286683,0.0,166070.90794356074,3514471.6184541024
2025-08-05,0.0,2358292.9531551898,0.0,157158.76725981012,190303.81034839712,896454.9536517374,138884.75696889963,1348792.142993078,0.0,21157829.62570756,142952.51418656943,0.0,0.0,0.0,0.0,711487.3943052054,171011.71766419988,0.0,157397.18691143207,0.0
2025-08-06,0.0,2362724.7976662517,0.0,156891.20467754547,192771.08947516233,909669.846647149,138685.722549933,1364858.8994363523,0.0,22229095.168476745,108014.57722125582,0.0,0.0,0.0,0.0,738848.2252063463,165724.03169299942,0.0,154243.16192823462,0.0
2025-08-07,0.0,2351474.1472067386,0.0,160512.89057336282,188771.6631499175,988210.6136729568,129163.59259152226,1346654.1540010027,0.0,20473467.433091708,105005.98396434762,0.0,0.0,0.0,0.0,726154.9957495411,161032.24608142395,0.0,139131.19647216797,0.0
2025-08-08,0.0,2481221.7166103125,0.0,348885.2324744873,191479.38932250813,1007368.673323106,132043.03193492442,1345758.7322116317,0.0,20672892.709751558,110728.35186537594,0.0,0.0,0.0,0.0,722210.8881439306,160878.1168687865,0.0,137278.22730002739,0.0
2025-08-09,0.0,2481221.7166103125,0.0,348885.2324744873,191479.38932250813,1007368.673323106,132043.03193492442,1345758.7322116317,0.0,20672892.709751558,110728.35186537594,0.0,0.0,0.0,0.0,722210.8881439306,160878.1168687865,0.0,137278.22730002739,0.0
2025-08-10,0.0,2481221.7166103125,0.0,348885.2324744873,191479.38932250813,1007368.673323106,132043.03193492442,1345758.7322116317,0.0,20672892.709751558,110728.35186537594,0.0,0.0,0.0,0.0,722210.8881439306,160878.1168687865,0.0,137278.22730002739,0.0
2025-08-11,0.0,2505375.4492017627,0.0,347630.86502736434,192064.07312136143,1002453.3057229221,131453.37044410408,1349980.973999044,0.0,19787950.994511507,131439.4873935578,0.0,0.0,0.0,0.0,736158.8596209977,173531.77099714056,0.0,136393.96557041444,348617.88438982517
2025-08-12,0.0,2632166.141241193,0.0,345499.48635983176,200581.18866823614,1062475.3141754866,135004.20354627073,1337260.207345616,0.0,20051057.416076586,140744.03888611007,0.0,0.0,0.0,0.0,740863.2168071158,186565.4224780947,0.0,139757.28823671117,0.0
2025-08-13,0.0,2712934.851143703,0.0,331572.88092084846,194145.30254561827,1057684.4533504397,142624.24107416067,1326440.6122690528,0.0,20216903.087357655,137230.1907350684,0.0,0.0,0.0,0.0,735170.3272177665,179469.74636730365,0.0,142734.89080393966,396327.41621444374
2025-08-14,0.0,2677830.3193337023,0.0,332731.2779069762,191223.27913002297,1017068.0622995496,141959.19055409543,0.0,0.0,20017680.032043885,171851.14069511485,0.0,0.0,0.0,0.0,732577.2916106386,668018.9084154507,0.0,140387.37690260913,1597004.1211079508
2025-08-15,0.0,2600373.3322600424,0.0,337723.60270816984,193115.02815969288,996180.0926288087,142617.52366305236,0.0,0.0,20221821.30722003,180381.46760671004,0.0,0.0,0.0,0.0,725243.6629657545,691575.6439795531,0.0,141479.4653962967,1572912.8734118901
2025-08-16,0.0,2600373.3322600424,0.0,337723.60270816984,193115.02815969288,996180.0926288087,142617.52366305236,0.0,0.0,20221821.30722003,180381.46760671004,0.0,0.0,0.0,0.0,725243.6629657545,691575.6439795531,0.0,141479.4653962967,1688005.8734118901
2025-08-17,0.0,2600373.3322600424,0.0,337723.60270816984,193115.02815969288,996180.0926288087,142617.52366305236,0.0,0.0,20221821.30722003,180381.46760671004,0.0,0.0,0.0,0.0,725243.6629657545,691575.6439795531,0.0,141479.4653962967,1803098.8734118901
2025-08-18,0.0,2627407.811587453,0.0,694100.7336766433,192855.28176709265,972320.9574777558,140158.223087091,0.0,0.0,21118393.164023496,215109.13574491942,0.0,0.0,0.0,0.0,730166.8446581662,697459.9401855469,0.0,146820.51534494944,613910.3924468905
2025-08-19,0.0,2550054.865745187,0.0,705913.1770873731,192404.2666231133,960940.3491594829,141353.86814408563,0.0,0.0,20402556.791082658,205845.18076545966,0.0,0.0,0.0,0.0,732946.6486104657,697754.4572421117,0.0,145126.2704207017,1528900.125119362
2025-08-20,0.0,2499079.2612003386,0.0,712538.6924676457,192522.48542826436,961676.8350857534,137186.1185068665,0.0,0.0,20225352.491945133,183684.70391966644,0.0,0.0,0.0,0.0,751749.3524629902,698313.5097380681,0.0,144421.08208309952,1872365.4671621732
2025-08-21,0.0,2550366.5466774404,0.0,700943.9160453156,195258.84659340233,957161.3869869355,138126.4603429595,0.0,0.0,21047243.762082376,206183.91558291327,0.0,0.0,0.0,0.0,768225.8411513558,692308.6321230931,0.0,143322.97270410927,1094840.7197100967
2025-08-22,0.0,2718371.137695536,0.0,699268.8508976419,201544.45722487755,994213.7518221047,1434320.359972259,0.0,0.0,22135952.272641473,287493.9002252219,0.0,0.0,0.0,0.0,0.0,713801.0925292969,0.0,149478.3400286408,0.0
2025-08-23,0.0,2718371.137695536,0.0,699268.8508976419,201544.45722487755,994213.7518221047,1434320.359972259,0.0,0.0,22135952.272641473,287493.9002252219,0.0,0.0,0.0,0.0,0.0,713801.0925292969,0.0,149478.3400286408,0.0
2025-08-24,0.0,2718371.137695536,0.0,699268.8508976419,201544.45722487755,994213.7518221047,1434320.359972259,0.0,0.0,22135952.272641473,287493.9002252219,0.0,0.0,0.0,0.0,0.0,713801.0925292969,0.0,149478.3400286408,0.0
2025-08-25,0.0,2640808.096615672,0.0,699383.3047729209,195957.5576744601,995421.265454404,1414696.5271878056,0.0,0.0,21501173.673437953,257411.1451637844,0.0,0.0,0.0,0.0,0.0,755057.9796498874,0.0,141137.75679412996,353307.6932489835
2025-08-26,0.0,2699415.465330988,0.0,696169.8448220696,200106.39827639237,989540.6580976434,1443500.7853079215,0.0,0.0,21430819.82844742,267669.93354662857,0.0,0.0,0.0,0.0,0.0,768005.7847142033,0.0,142516.53818904888,431702.7632676847
2025-08-27,0.0,2774215.983011067,0.0,696962.3076168713,204016.87791521847,984516.8002732694,1448592.7637338266,0.0,0.0,22006567.11155638,229750.82986206154,0.0,0.0,0.0,0.0,0.0,783678.6529773334,0.0,144273.81994628906,0.0
2025-08-28,0.0,2811228.3020324707,0.0,701714.6303542564,201550.2597770691,981667.5200271606,1449852.7287483215,0.0,0.0,21755869.86305237,243828.74141085148,0.0,0.0,0.0,0.0,0.0,780497.1127510071,0.0,145235.9629869461,228189.87885954976
2025-08-29,0.0,2786207.3255342543,0.0,701522.9565812652,198752.0483333487,1013759.6390817426,1440063.2710799854,0.0,0.0,21668786.12959794,252585.59990981838,0.0,0.0,0.0,0.0,0.0,773331.4799480676,0.0,143369.5050408463,436350.04489273205
2025-08-30,0.0,2786207.3255342543,0.0,701522.9565812652,198752.0483333487,1013759.6390817426,1440063.2710799854,0.0,0.0,21668786.12959794,252585.59990981838,0.0,0.0,0.0,0.0,0.0,773331.4799480676,0.0,143369.5050408463,551443.044892732
2025-08-31,0.0,2786207.3255342543,0.0,701522.9565812652,198752.0483333487,1013759.6390817426,1440063.2710799854,0.0,0.0,21668786.12959794,252585.59990981838,0.0,0.0,0.0,0.0,0.0,773331.4799480676,0.0,143369.5050408463,666536.044892732
2025-09-01,0.0,2795122.825771898,0.0,711864.6169810009,199388.02897912078,1017003.537775252,1444671.2858238537,0.0,0.0,21738123.42051574,253393.84090300777,0.0,0.0,0.0,0.0,0.0,775806.0398740531,0.0,143828.268767633,507695.1346084438
2025-09-02,0.0,2741482.812802613,0.0,719099.1911874153,197726.7577028647,950937.7126778215,1467322.8832663596,0.0,0.0,21277157.60498047,290692.6450864468,0.0,0.0,0.0,0.0,0.0,754276.9463896193,0.0,143751.40832949802,986432.0375768915
2025-09-03,0.0,2693202.945372194,0.0,710093.5903867912,195125.20264952444,930169.961587077,1446168.9917428605,0.0,0.0,20475355.308017805,0.0,0.0,0.0,0.0,0.0,0.0,718761.363085052,0.0,141409.38936179364,2160576.247796897
2025-09-04,0.0,2687216.3600549996,0.0,727010.1139610515,198675.21265778132,917887.5981251299,1451885.475750519,0.0,0.0,20666577.70827011,0.0,0.0,0.0,0.0,0.0,0.0,768326.4424221497,0.0,140950.17712036287,2854316.9116378985
2025-09-05,0.0,2737971.2531087995,0.0,732655.5909143155,198608.8170062676,1012192.2390340269,1493402.0138664544,0.0,0.0,20894542.901799493,0.0,0.0,0.0,0.0,0.0,0.0,782198.5278067924,0.0,140904.32614043914,2362353.330323413
2025-09-06,0.0,2737971.2531087995,0.0,732655.5909143155,198608.8170062676,1012192.2390340269,1493402.0138664544,0.0,0.0,20894542.901799493,0.0,0.0,0.0,0.0,0.0,0.0,782198.5278067924,0.0,140904.32614043914,2304336.330323413
2025-09-07,0.0,2737971.2531087995,0.0,732655.5909143155,198608.8170062676,1012192.2390340269,1493402.0138664544,0.0,0.0,20894542.901799493,0.0,0.0,0.0,0.0,0.0,0.0,782198.5278067924,0.0,140904.32614043914,2246319.330323413
2025-09-08,0.0,2715344.74077335,0.0,733554.281845544,197289.8940309584,963123.2370719835,1526000.7162993774,0.0,0.0,21278939.722048156,0.0,0.0,0.0,0.0,0.0,0.0,795144.159721504,0.0,136500.44679634552,1834880.8014127798
2025-09-09,0.0,2729709.3363314867,0.0,795234.0390656311,197429.63665175065,967418.42004795,1507109.069738891,0.0,0.0,21011948.9498147,262469.2253862998,0.0,0.0,0.0,0.0,0.0,792354.6570464177,0.0,136271.69684428722,1722815.969072584
2025-09-10,0.0,2758886.3251342773,0.0,801319.8914636567,196630.3678665161,974966.3954315186,1495178.033065796,0.0,0.0,21641100.0,252007.84074175358,0.0,0.0,0.0,0.0,0.0,1473925.3317375183,0.0,131178.36190509796,339551.45265386626
2025-09-11,0.0,1953826.447706651,0.0,819224.629864946,204183.59405804798,1476103.7071001641,1543398.6953076161,0.0,0.0,21456377.130131815,452393.6677614739,0.0,0.0,0.0,0.0,0.0,1433546.2351820092,0.0,134086.75236035138,533586.1405269243
2025-09-12,0.0,1934469.2528839111,0.0,818531.3303469066,196260.85360717773,1444601.543094635,1530117.4381637573,0.0,0.0,21390796.369247437,390685.7018547058,0.0,0.0,0.0,0.0,0.0,1397114.4116592407,0.0,134309.07508850098,711824.0240537301
2025-09-13,0.0,1934469.2528839111,0.0,818531.3303469066,196260.85360717773,1444601.543094635,1530117.4381637573,0.0,0.0,21390796.369247437,390685.7018547058,0.0,0.0,0.0,0.0,0.0,1397114.4116592407,0.0,134309.07508850098,653807.0240537301
2025-09-14,0.0,1934469.2528839111,0.0,818531.3303469066,196260.85360717773,1444601.543094635,1530117.4381637573,0.0,0.0,21390796.369247437,390685.7018547058,0.0,0.0,0.0,0.0,0.0,1397114.4116592407,0.0,134309.07508850098,595790.0240537301
2025-09-15,0.0,1985646.763463784,0.0,818445.3983729146,197793.2140008174,1557634.5033813268,1515509.2971316539,0.0,0.0,21245283.702718187,0.0,0.0,0.0,0.0,0.0,0.0,1446618.6655875575,0.0,127941.65711254114,56092.79823121801
2025-09-16,0.0,1963830.0091387518,0.0,823014.7428419441,196148.19632229954,1554391.7506628372,1512153.9328888245,0.0,0.0,20554657.212297246,0.0,0.0,0.0,0.0,0.0,0.0,1465229.7473697667,0.0,130384.83883229597,693138.5696460344
2025-09-17,0.0,527620.7591728102,0.0,812873.4429154582,193193.26421059482,1564930.2755412608,1482340.6347406004,0.0,0.0,20434534.064005733,0.0,0.0,0.0,0.0,0.0,0.0,1462144.5190481788,0.0,128616.47523606266,2228678.5651293024
2025-09-18,0.0,527940.2250094302,0.0,792960.1048104241,197753.20882808417,1580241.027012013,1439903.80846411,0.0,0.0,20525383.770017512,0.0,0.0,0.0,0.0,0.0,0.0,1504908.975564069,0.0,133677.77545652166,2074146.1048378348
2025-09-19,0.0,530403.2770900726,0.0,784882.1970982533,193811.1778564453,1566808.2281970978,1397844.0423202515,0.0,0.0,20183868.73495102,0.0,0.0,0.0,0.0,0.0,0.0,1531887.1886630058,0.0,132379.15373039246,1547601.00009346
2025-09-20,0.0,530403.2770900726,0.0,784882.1970982533,193811.1778564453,1566808.2281970978,1397844.0423202515,0.0,0.0,20183868.73495102,0.0,0.0,0.0,0.0,0.0,0.0,1531887.1886630058,0.0,132379.15373039246,1489584.00009346
2025-09-21,0.0,530403.2770900726,0.0,784882.1970982533,193811.1778564453,1566808.2281970978,1397844.0423202515,0.0,0.0,20183868.73495102,0.0,0.0,0.0,0.0,0.0,0.0,1531887.1886630058,0.0,132379.15373039246,1431567.00009346
2025-09-22,0.0,544949.9930580854,0.0,788683.1726746028,195661.85240609944,2239870.244656205,1410750.7850484923,0.0,0.0,19846291.52366981,0.0,0.0,0.0,0.0,0.0,0.0,2226190.861660991,0.0,134289.40527377464,308746.16155193746
2025-09-23,0.0,177179.3242871426,0.0,786660.0367227523,197071.39259577356,2237911.0567510407,1396614.7960837092,0.0,0.0,19954975.75271842,0.0,0.0,0.0,0.0,0.0,0.0,2193374.493313921,0.0,133214.71078841854,560415.4367388263
2025-09-24,0.0,0.0,0.0,791050.0158817624,193724.04079139233,2252708.9093925525,1353713.315988006,0.0,0.0,16310700.190073363,0.0,0.0,0.0,0.0,0.0,0.0,2200723.5007602326,0.0,130778.22243177798,4346001.804680914
2025-09-25,0.0,0.0,0.0,786624.8915380938,190692.97515973076,2339193.0463258624,1329537.3202593997,0.0,0.0,17091292.132570073,0.0,0.0,0.0,0.0,0.0,0.0,2279962.7356021265,0.0,129023.50767398067,3375056.390870735
2025-09-26,0.0,0.0,0.0,786045.8282366702,196211.59368224815,2329694.8263039105,1343264.318301268,0.0,0.0,18334389.82850085,0.0,0.0,0.0,0.0,0.0,0.0,2324774.331171265,0.0,131959.4484136321,2017025.82539016
2025-09-27,0.0,0.0,0.0,786045.8282366702,196211.59368224815,2329694.8263039105,1343264.318301268,0.0,0.0,18334389.82850085,0.0,0.0,0.0,0.0,0.0,0.0,2324774.331171265,0.0,131959.4484136321,1959008.82539016
2025-09-28,0.0,0.0,0.0,786045.8282366702,196211.59368224815,2329694.8263039105,1343264.318301268,0.0,0.0,18334389.82850085,0.0,0.0,0.0,0.0,0.0,0.0,2324774.331171265,0.0,131959.4484136321,1900991.82539016
2025-09-29,0.0,0.0,0.0,760543.6356589822,195623.99868758023,2315090.5355072916,1350952.8740342706,0.0,0.0,17169610.66885756,0.0,0.0,0.0,0.0,0.0,0.0,2327935.453907024,0.0,124248.21694254689,3045309.616404742
2025-09-30,0.0,0.0,0.0,741203.4262960218,197344.23512589,2310932.1846570745,1358189.6211833507,0.0,0.0,16865536.820814032,0.0,0.0,0.0,0.0,0.0,0.0,2310111.7736630943,0.0,123085.06165344547,3324894.8766070865
2025-10-01,0.0,0.0,0.0,712348.1690594852,195825.155528225,2954165.546798855,1359371.7051136773,0.0,0.0,18146658.383099817,0.0,0.0,0.0,0.0,0.0,0.0,2847131.824801981,0.0,126704.44881036761,865147.7667875886
2025-10-02,0.0,0.0,0.0,705065.2677842891,197473.14975464903,2892714.3246535063,1351634.7665438242,0.0,0.0,17444639.769764327,0.0,0.0,0.0,0.0,0.0,0.0,2848764.4105538386,0.0,122210.66067152261,1620906.6502740458
2025-10-03,0.0,0.0,0.0,704256.3630504124,198455.5632163938,2880822.9091234803,1369645.9110749513,0.0,0.0,17684456.447791465,0.0,0.0,0.0,0.0,0.0,0.0,2917314.7384048877,0.0,123639.21394259948,1280872.8533958122
2025-10-04,0.0,0.0,0.0,704256.3630504124,198455.5632163938,2880822.9091234803,1369645.9110749513,0.0,0.0,17684456.447791465,0.0,0.0,0.0,0.0,0.0,0.0,2917314.7384048877,0.0,123639.21394259948,1256928.8533958122
2025-10-05,0.0,0.0,0.0,704256.3630504124,198455.5632163938,2880822.9091234803,1369645.9110749513,0.0,0.0,17684456.447791465,0.0,0.0,0.0,0.0,0.0,0.0,2917314.7384048877,0.0,123639.21394259948,1232983.8533958122
2025-10-06,0.0,0.0,0.0,702278.199381663,199965.3362923041,2870477.6169558167,1359378.8689393923,0.0,0.0,17819280.587736644,0.0,0.0,0.0,0.0,0.0,0.0,2858829.399186359,0.0,118699.58757191151,1158720.4039359093
2025-10-07,0.0,0.0,0.0,709809.7256801091,207807.2538696509,2868901.4157479256,1328990.6635419931,0.0,0.0,17968021.040039062,0.0,0.0,0.0,0.0,0.0,0.0,2913148.5188421365,0.0,118348.686552539,948658.6957265809
2025-10-08,0.0,0.0,0.0,691674.0469484786,215501.1924397163,2931674.456382662,1384863.9990016166,0.0,0.0,17680087.042252343,0.0,0.0,0.0,0.0,0.0,0.0,3024746.658099221,0.0,124086.07471716846,987107.5301587917
2025-10-09,0.0,0.0,0.0,695032.4576650118,212624.48146853596,2977227.7813364267,1369033.236408569,0.0,0.0,17148308.747758895,0.0,0.0,0.0,0.0,0.0,0.0,2990464.238302069,0.0,125807.66857380979,1497297.3884866834
2025-10-10,0.0,0.0,0.0,636556.2480065944,201937.1924163401,2889760.6637866795,1335082.1751432493,0.0,0.0,16096155.709810015,0.0,0.0,0.0,0.0,0.0,0.0,2884386.072521615,0.0,124012.5329265953,2823961.4053889103
2025-10-11,0.0,0.0,0.0,636556.2480065944,201937.1924163401,2889760.6637866795,1335082.1751432493,0.0,0.0,16096155.709810015,0.0,0.0,0.0,0.0,0.0,0.0,2884386.072521615,0.0,124012.5329265953,2800016.4053889103
2025-10-12,0.0,0.0,0.0,636556.2480065944,201937.1924163401,2889760.6637866795,1335082.1751432493,0.0,0.0,16096155.709810015,0.0,0.0,0.0,0.0,0.0,0.0,2884386.072521615,0.0,124012.5329265953,2776072.4053889103
2025-10-13,0.0,0.0,0.0,643670.8804893955,205072.91772139817,3036037.445296705,1361008.1693749689,0.0,0.0,16737771.803767946,0.0,0.0,0.0,0.0,0.0,0.0,2965880.3181556347,0.0,124754.32319301227,1845822.1420009397
2025-10-14,0.0,0.0,0.0,631111.4714283133,206993.89167911373,3061631.169231385,1398689.429432433,0.0,0.0,16635790.539743807,0.0,0.0,0.0,0.0,0.0,0.0,2945048.23751434,0.0,127918.47255012137,1888889.7884204872
2025-10-15,0.0,0.0,0.0,1171174.2289042035,207226.65776855126,2996255.346786171,1385689.5289655775,0.0,0.0,17022453.2515709,0.0,0.0,0.0,0.0,0.0,0.0,2949042.9506062055,0.0,129420.59837167058,1010866.4370267242
2025-10-16,0.0,0.0,0.0,1146821.4714593887,214034.35788680613,3019765.493350953,1372942.9832888488,0.0,0.0,16428623.342800247,0.0,0.0,0.0,0.0,0.0,0.0,2733772.6686179247,0.0,124059.06298942328,1808164.6196064092
2025-10-17,0.0,0.0,0.0,1164657.9540288658,206024.69230208173,2949883.097343862,1376079.7683190927,0.0,0.0,16137508.547145147,0.0,0.0,0.0,0.0,0.0,0.0,2580999.189840055,0.0,121978.42975948798,2287108.321261406
2025-10-18,0.0,0.0,0.0,1164657.9540288658,206024.69230208173,2949883.097343862,1376079.7683190927,0.0,0.0,16137508.547145147,0.0,0.0,0.0,0.0,0.0,0.0,2580999.189840055,0.0,121978.42975948798,2263163.321261406
2025-10-19,0.0,0.0,0.0,1164657.9540288658,206024.69230208173,2949883.097343862,1376079.7683190927,0.0,0.0,16137508.547145147,0.0,0.0,0.0,0.0,0.0,0.0,2580999.189840055,0.0,121978.42975948798,2239218.321261406
2025-10-20,0.0,0.0,0.0,1165210.7985810926,210154.9670188129,3061644.6791896224,1385382.3084669188,0.0,0.0,16009101.300074905,0.0,0.0,0.0,0.0,0.0,0.0,2678992.5273458194,0.0,125135.87916477816,2116783.5401580483
2025-10-21,0.0,0.0,0.0,1186988.4687688164,212405.9360041842,2935587.6430791616,1392481.0084180906,0.0,0.0,15844923.283366673,0.0,0.0,0.0,0.0,0.0,0.0,2635122.6732146693,0.0,125348.84503760375,2395603.1421108022
2025-10-22,0.0,0.0,0.0,1176619.0864271242,219977.80169371516,2850033.7112451196,1373224.2906559445,0.0,0.0,16247940.805244375,0.0,0.0,0.0,0.0,0.0,0.0,3383728.7742266413,0.0,130140.10820183717,1322852.4223052412
2025-10-23,0.0,0.0,0.0,1181558.9154382353,220974.43194541894,2864432.6223276258,1384627.267285157,0.0,0.0,17358075.32615038,0.0,0.0,0.0,0.0,0.0,0.0,3444203.1127895527,0.0,130881.60223388672,1495818.721829746
2025-10-24,0.0,0.0,0.0,1173226.7051815777,223294.51995310374,2948699.9859009385,1423491.7333505861,0.0,0.0,16709099.881996473,0.0,0.0,0.0,0.0,0.0,0.0,3491675.490854007,0.0,130776.30671601556,1956362.3760472983
2025-10-25,0.0,0.0,0.0,1173226.7051815777,223294.51995310374,2948699.9859009385,1423491.7333505861,0.0,0.0,16709099.881996473,0.0,0.0,0.0,0.0,0.0,0.0,3491675.490854007,0.0,130776.30671601556,1932418.3760472983
2025-10-26,0.0,0.0,0.0,1173226.7051815777,223294.51995310374,2948699.9859009385,1423491.7333505861,0.0,0.0,16709099.881996473,0.0,0.0,0.0,0.0,0.0,0.0,3491675.490854007,0.0,130776.30671601556,1908473.3760472983
2025-10-27,0.0,0.0,0.0,1364585.4218112007,221362.88224498183,2956986.702017784,1433521.2734704278,0.0,0.0,16508600.872516148,0.0,0.0,0.0,0.0,0.0,0.0,3487181.2875444526,0.0,134500.39254677575,1878054.1678482294
2025-10-28,0.0,0.0,0.0,1332601.5971999452,226280.64221631736,2946925.0942488313,1443562.4671425484,0.0,0.0,16436292.18152909,0.0,0.0,0.0,0.0,0.0,0.0,3569983.745350482,0.0,133681.21204290166,1871522.0602698885
2025-10-29,0.0,0.0,0.0,1314832.6715745502,221307.4018666111,2924786.9542064667,1507250.2155160531,0.0,0.0,16624528.819947682,0.0,0.0,0.0,0.0,0.0,0.0,3455096.6373668443,0.0,132871.8795854668,1756229.4199363217
2025-10-30,0.0,0.0,0.0,1319592.935209566,215669.3536468409,2930772.8707554936,1480116.03891626,0.0,0.0,16951186.85313152,0.0,0.0,0.0,0.0,0.0,0.0,3470084.5795753878,0.0,130467.80100588687,1415069.5677590445
2025-10-31,0.0,1333956.9242810905,0.0,1316623.643208146,0.0,3085427.9310586452,1476423.9605957642,0.0,0.0,17001716.8292683,0.0,0.0,0.0,0.0,0.0,0.0,3430635.260033855,0.0,132262.9755028747,111967.47605132684
2025-11-01,0.0,1333956.9242810905,0.0,1316623.643208146,0.0,3085427.9310586452,1476423.9605957642,0.0,0.0,17001716.8292683,0.0,0.0,0.0,0.0,0.0,0.0,3430635.260033855,0.0,132262.9755028747,209357.47605132684
2025-11-02,0.0,1333956.9242810905,0.0,1316623.643208146,0.0,3085427.9310586452,1476423.9605957642,0.0,0.0,17001716.8292683,0.0,0.0,0.0,0.0,0.0,0.0,3430635.260033855,0.0,132262.9755028747,306747.47605132684
2025-11-03,0.0,1288436.0321203247,0.0,1319606.0975311382,0.0,3167463.146741271,1459138.6224420462,0.0,0.0,17470444.842594467,0.0,0.0,0.0,0.0,0.0,0.0,3472390.251085512,0.0,131613.62047267682,0.0
2025-11-04,0.0,1268249.6607444435,0.0,1338279.3625987014,0.0,2958323.6863696575,1456692.0230217278,0.0,0.0,17148496.51583723,0.0,0.0,0.0,0.0,0.0,0.0,3573996.8624092927,0.0,125434.98500951612,409776.9040094279
2025-11-05,0.0,1306865.9561083317,0.0,1361360.9015888907,0.0,3037786.9078917503,1463710.9582938254,0.0,0.0,17397513.159243144,0.0,0.0,0.0,0.0,0.0,0.0,3555754.9899078626,0.0,132779.28261487652,120867.84435131773
2025-11-06,0.0,1314971.370472759,0.0,1314673.901979487,0.0,3738420.5632656813,1431677.4814389646,0.0,0.0,17311721.8498067,0.0,0.0,0.0,0.0,0.0,0.0,3401385.726928711,0.0,121197.31007121736,0.0
2025-11-07,0.0,1506081.3978751106,0.0,1351769.9206623216,0.0,3758220.3475008607,1431683.504372863,0.0,0.0,18076163.586194467,0.0,0.0,0.0,0.0,0.0,0.0,3349514.111828249,0.0,126141.05410372932,0.0
2025-11-08,0.0,1506081.3978751106,0.0,1351769.9206623216,0.0,3758220.3475008607,1431683.504372863,0.0,0.0,18076163.586194467,0.0,0.0,0.0,0.0,0.0,0.0,3349514.111828249,0.0,126141.05410372932,0.0
2025-11-09,0.0,1506081.3978751106,0.0,1351769.9206623216,0.0,3758220.3475008607,1431683.504372863,0.0,0.0,18076163.586194467,0.0,0.0,0.0,0.0,0.0,0.0,3349514.111828249,0.0,126141.05410372932,0.0
2025-11-10,0.0,1560139.193435669,0.0,1365896.7122854025,0.0,3828439.8618164062,1417359.2488098145,0.0,0.0,18763114.02471924,0.0,0.0,0.0,0.0,0.0,0.0,3400266.1421585083,0.0,128330.04033279419,0.0
2025-11-11,0.0,1559370.8719037035,0.0,1329669.2028717748,0.0,1559430.4277074356,1447935.8975607902,0.0,0.0,20247105.07630878,0.0,1447557.2999500483,0.0,0.0,0.0,0.0,3518903.5545884203,0.0,140046.73891150346,0.0
2025-11-12,0.0,1606303.8968198178,0.0,1377193.9122145234,0.0,1593593.158269762,1460715.8341591805,0.0,0.0,18841920.391318955,0.0,1466847.179835938,0.0,0.0,0.0,0.0,3489338.5568015655,0.0,144173.78700527363,0.0
2025-11-13,0.0,2262300.4988551512,0.0,1375154.0566084022,0.0,1532549.295000527,1460679.9194335938,0.0,0.0,15183437.216085568,0.0,1506511.4614349604,0.0,0.0,2904881.6075906716,0.0,3412706.280525606,0.0,138287.48415982816,0.0
2025-11-14,0.0,2278049.7272135094,0.0,1661835.1948746745,0.0,1502749.1228285804,1434048.3968950808,0.0,0.0,15536895.31379141,0.0,1494970.5022104979,0.0,0.0,2906246.8465347365,0.0,3345838.7736937366,0.0,137118.76565089636,0.0
2025-11-15,0.0,2278049.7272135094,0.0,1661835.1948746745,0.0,1502749.1228285804,1434048.3968950808,0.0,0.0,15536895.31379141,0.0,1494970.5022104979,0.0,0.0,2906246.8465347365,0.0,3345838.7736937366,0.0,137118.76565089636,0.0
2025-11-16,0.0,2278049.7272135094,0.0,1661835.1948746745,0.0,1502749.1228285804,1434048.3968950808,0.0,0.0,15536895.31379141,0.0,1494970.5022104979,0.0,0.0,2906246.8465347365,0.0,3345838.7736937366,0.0,137118.76565089636,0.0
2025-11-17,0.0,2865219.321796518,0.0,1611605.5393458542,0.0,1465589.0711368155,1390404.70389029,0.0,0.0,11934537.791031612,0.0,1455961.4333404303,0.0,0.0,2863533.0700720353,0.0,3207825.0624964843,0.0,133832.95897271577,2616810.047917247
2025-11-18,0.0,2881098.9578469247,0.0,1599823.1772933435,0.0,1481708.096958395,1391528.779611513,0.0,0.0,12202596.969169535,0.0,2948930.1944396496,0.0,0.0,2894731.5428179465,0.0,3359314.248783661,0.0,137603.48740388732,745373.5456751473
2025-11-19,0.0,2925879.1373760253,0.0,1900763.0760659147,0.0,1432987.935910182,1383722.5463867188,0.0,0.0,11902373.769595101,0.0,2920441.16679883,0.0,0.0,2884552.496803386,0.0,3371360.028039121,0.0,139391.83800596232,878627.0050187595
2025-11-20,0.0,2904291.3360742265,0.0,1912067.5508720812,0.0,1391380.9316848014,1382267.3507064208,0.0,0.0,11216481.315977449,0.0,2938828.2435521483,0.0,0.0,2904715.8943124493,0.0,3254984.7014740133,0.0,143915.3266484253,1788555.3486979827
2025-11-21,0.0,2977719.564857483,0.0,1954524.008762882,0.0,1436406.4759140015,1418739.794960022,0.0,0.0,11561329.375,0.0,2970307.7703552246,0.0,0.0,2922413.679828644,0.0,3376600.7041368484,0.0,151862.61269760132,1164974.0134872943
2025-11-22,0.0,2977719.564857483,0.0,1954524.008762882,0.0,1436406.4759140015,1418739.794960022,0.0,0.0,11561329.375,0.0,2970307.7703552246,0.0,0.0,2922413.679828644,0.0,3376600.7041368484,0.0,151862.61269760132,1262364.0134872943
2025-11-23,0.0,2977719.564857483,0.0,1954524.008762882,0.0,1436406.4759140015,1418739.794960022,0.0,0.0,11561329.375,0.0,2970307.7703552246,0.0,0.0,2922413.679828644,0.0,3376600.7041368484,0.0,151862.61269760132,1359754.0134872943
2025-11-24,0.0,3022671.813013885,0.0,1955362.5719741276,0.0,1444368.1226383783,1440723.8025780022,0.0,0.0,11451581.268531922,0.0,2981311.831194043,0.0,0.0,2911463.8881496713,0.0,3302920.9517223984,0.0,161332.87676563114,1555309.8734319396
2025-11-25,0.0,3088976.135296583,0.0,1939598.4647000483,0.0,1482224.5070394343,1497867.765115723,0.0,0.0,11238049.329072569,0.0,3000278.214209765,0.0,0.0,2928004.4712877627,0.0,3359849.0212518037,0.0,169992.35380997322,1619596.738216333
2025-11-26,0.0,3014644.8783396045,0.0,1952927.3197058905,0.0,1497729.7957602423,1470779.7464739997,0.0,0.0,11262832.636432141,0.0,2995644.3606410176,0.0,0.0,2909461.6644227062,0.0,3420266.1469436134,0.0,168231.41248198226,1729309.0387988016
2025-11-27,0.0,3026312.956069649,0.0,1965940.1346663705,0.0,1503526.7066339236,1476472.3481230158,0.0,0.0,11306425.036852702,0.0,3007238.897530809,0.0,0.0,2920722.6341962893,0.0,3433504.1676294724,0.0,168882.5462893434,1710191.5720084235
2025-11-28,0.0,3018574.632967497,0.0,2384042.646805877,0.0,1485969.3886398245,1505534.2560931388,0.0,0.0,11525945.178222232,0.0,3003527.771905273,0.0,0.0,2901282.7307837214,0.0,3434143.847128142,0.0,168177.91748547368,1189407.629968822
2025-11-29,0.0,3018574.632967497,0.0,2384042.646805877,0.0,1485969.3886398245,1505534.2560931388,0.0,0.0,11525945.178222232,0.0,3003527.771905273,0.0,0.0,2901282.7307837214,0.0,3434143.847128142,0.0,168177.91748547368,1286797.629968822
2025-11-30,0.0,3018574.632967497,0.0,2384042.646805877,0.0,1485969.3886398245,1505534.2560931388,0.0,0.0,11525945.178222232,0.0,3003527.771905273,0.0,0.0,2901282.7307837214,0.0,3434143.847128142,0.0,168177.91748547368,1384187.629968822
2025-12-01,0.0,2929178.5931170667,0.0,2794389.658339329,0.0,1474841.9106757585,1525417.3177542724,0.0,0.0,11741110.86472784,0.0,2981364.1225039065,0.0,0.0,2908705.121175235,0.0,3357266.4667712767,0.0,170422.28565224307,881931.6592830718
2025-12-02,0.0,2924533.9428440314,0.0,2774794.1214240417,0.0,1489349.542343854,1511922.8193541244,0.0,0.0,11728193.184362289,0.0,2979446.575166747,0.0,0.0,2918933.4678451973,0.0,3275068.4600272905,0.0,169804.6400756836,945824.246556744
2025-12-03,0.0,2968556.9861160675,0.0,2751328.59788677,0.0,1580266.7938264813,1544249.6172377933,0.0,0.0,12800514.832214355,0.0,2955849.990316406,0.0,0.0,2913354.266915561,0.0,3268808.5485911127,0.0,173618.02742146002,0.0
2025-12-04,0.0,2995455.779147256,0.0,2803004.596309296,0.0,1571859.2004083302,1545313.724082429,0.0,0.0,12726715.864501953,0.0,2948988.310953468,0.0,0.0,2907534.2606461905,0.0,3276539.660522461,0.0,176770.52870006114,0.0
2025-12-05,0.0,3038251.9837295394,0.0,2783113.7693944518,0.0,1560622.154198885,1611961.6787725221,0.0,0.0,12388576.143093929,0.0,2970320.505082324,0.0,0.0,2922121.2011209074,0.0,3202073.181881076,0.0,175360.46195155336,0.0
2025-12-06,0.0,3038251.9837295394,0.0,2783113.7693944518,0.0,1560622.154198885,1611961.6787725221,0.0,0.0,12388576.143093929,0.0,2970320.505082324,0.0,0.0,2922121.2011209074,0.0,3202073.181881076,0.0,175360.46195155336,0.0
2025-12-07,0.0,3038251.9837295394,0.0,2783113.7693944518,0.0,1560622.154198885,1611961.6787725221,0.0,0.0,12388576.143093929,0.0,2970320.505082324,0.0,0.0,2922121.2011209074,0.0,3202073.181881076,0.0,175360.46195155336,0.0
2025-12-08,0.0,3019071.2237508297,0.0,2904795.223274857,0.0,1510891.1566649452,1569832.662395388,0.0,0.0,12259147.357101236,0.0,2927312.526417434,0.0,0.0,2918590.750376893,0.0,3074728.9430584665,0.0,171230.37682686746,81729.78013308346
2025-12-09,0.0,3035006.9414957315,0.0,2905366.4423540393,0.0,1541452.7366918884,1571599.363154266,0.0,0.0,12476078.935929237,0.0,2886679.45337373,0.0,0.0,2912046.7728240015,0.0,3016025.7168882284,0.0,174458.9824378509,0.0
2025-12-10,683820.5140458564,3167990.3224484716,0.0,2938143.1318576843,0.0,1530739.5678203292,1600924.4807390124,0.0,0.0,12250404.72033481,0.0,2879667.701960057,0.0,0.0,2915682.486449591,0.0,3170200.3483061604,0.0,175975.45080707688,330266.2752309516
2025-12-11,923908.6250536367,3251504.9350528717,0.0,2929119.741923404,0.0,1604971.6682379022,1655020.5618056655,0.0,0.0,12388355.5278152,0.0,2913694.049341798,0.0,0.0,2919084.2579751164,0.0,3305869.055280179,0.0,179634.2085793577,0.0
2025-12-12,0.0,3269255.8572468963,0.0,2936922.8482625354,0.0,1593385.9897064902,1655000.34315384,0.0,0.0,11965541.315527461,0.0,2938875.854581788,0.0,0.0,2922680.7271475103,0.0,2510961.4398760432,0.0,174560.48116225423,1583115.1433351822
2025-12-13,0.0,3269255.8572468963,0.0,2936922.8482625354,0.0,1593385.9897064902,1655000.34315384,0.0,0.0,11965541.315527461,0.0,2938875.854581788,0.0,0.0,2922680.7271475103,0.0,2510961.4398760432,0.0,174560.48116225423,1536357.1433351822
2025-12-14,0.0,3269255.8572468963,0.0,2936922.8482625354,0.0,1593385.9897064902,1655000.34315384,0.0,0.0,11965541.315527461,0.0,2938875.854581788,0.0,0.0,2922680.7271475103,0.0,2510961.4398760432,0.0,174560.48116225423,1489599.1433351822
2025-12-15,0.0,3130688.796903506,0.0,3040245.0415614713,0.0,1597530.6718760366,1664093.8060608227,0.0,0.0,12145733.876208711,0.0,2983408.7611994147,0.0,0.0,2927974.8786862344,0.0,2571848.093250199,0.0,174363.08580072317,1174140.9884528816
2025-12-16,0.0,3142584.4075726457,0.0,2975106.766787545,0.0,1592403.5690438263,1626261.3098770753,0.0,0.0,11310367.34881965,0.0,2934020.752253711,0.0,0.0,2919572.8222654928,0.0,2523331.8795969384,0.0,168789.54802527465,2170831.595757842
2025-12-17,0.0,3146705.981666798,141287.0390625,3039451.226716718,0.0,1622830.8553772997,1575939.2084913328,0.0,0.0,11427001.436951306,0.0,2968617.2348258793,0.0,0.0,2928048.1738204295,0.0,2471934.5302658994,0.0,166277.1834229706,1828420.1293988712
2025-12-18,0.0,3183093.6210632324,139558.3204498291,3002961.5964650256,0.0,1636809.2332458496,1607544.3640136719,0.0,0.0,11612172.0,0.0,2967987.5263671875,0.0,0.0,2933745.5961380005,0.0,2449124.6679496765,0.0,166355.63527679443,1570402.439030733
2025-12-19,0.0,3195393.9776599603,140005.2228591675,2990593.2277234294,0.0,1674165.8755316222,1600270.3415987547,0.0,0.0,11580507.589989994,0.0,2916460.9670246094,0.0,0.0,2934100.5146330134,0.0,2364283.5549632125,0.0,173207.81040419312,1654007.9176120423
2025-12-20,0.0,3195393.9776599603,140005.2228591675,2990593.2277234294,0.0,1674165.8755316222,1600270.3415987547,0.0,0.0,11580507.589989994,0.0,2916460.9670246094,0.0,0.0,2934100.5146330134,0.0,2364283.5549632125,0.0,173207.81040419312,1607250.9176120423
2025-12-21,0.0,3195393.9776599603,140005.2228591675,2990593.2277234294,0.0,1674165.8755316222,1600270.3415987547,0.0,0.0,11580507.589989994,0.0,2916460.9670246094,0.0,0.0,2934100.5146330134,0.0,2364283.5549632125,0.0,173207.81040419312,1560492.9176120423
2025-12-22,0.0,3236072.9988177717,143304.52680296637,2985688.1091863327,0.0,1667505.6354521345,1634944.9714775383,0.0,0.0,12160031.90826416,0.0,2947145.2693710923,0.0,0.0,2932826.831592229,0.0,2375857.554636339,0.0,175785.31068469863,823561.8837147355
2025-12-23,0.0,3250200.8722407725,143135.32678312995,3044990.736676734,0.0,1710932.035372015,1643132.177520385,0.0,0.0,12142976.87320336,0.0,0.0,0.0,0.0,2936620.9720345186,0.0,2289692.6401917124,0.0,172701.6635748963,3701583.702402476
2025-12-24,0.0,3196947.0886029303,144613.93481039442,3026778.535582015,0.0,1712284.1508327378,1651674.3939614855,0.0,0.0,12088984.947270658,0.0,0.0,0.0,0.0,2942677.8941493225,0.0,2257411.579719954,0.0,0.0,3967836.4750705026
2025-12-25,0.0,3196947.0886029303,144613.93481039442,3072171.1298497887,0.0,1712284.1508327378,1651674.3939614855,0.0,0.0,12088984.947270658,0.0,0.0,0.0,0.0,2942677.8941493225,0.0,2257411.579719954,0.0,0.0,3875686.880802732
2025-12-26,0.0,3113919.8452217504,140891.05210955814,3027928.960022061,0.0,1675618.3112015538,1612869.8217773438,0.0,0.0,11721340.192298077,0.0,0.0,0.0,0.0,2879879.418447638,0.0,2171226.575527077,0.0,0.0,4552025.823394943
2025-12-27,0.0,3113919.8452217504,140891.05210955814,3027928.960022061,0.0,1675618.3112015538,1612869.8217773438,0.0,0.0,11721340.192298077,0.0,0.0,0.0,0.0,2879879.418447638,0.0,2171226.575527077,0.0,0.0,4505267.823394943
2025-12-28,0.0,3113919.8452217504,140891.05210955814,3027928.960022061,0.0,1675618.3112015538,1612869.8217773438,0.0,0.0,11721340.192298077,0.0,0.0,0.0,0.0,2879879.418447638,0.0,2171226.575527077,0.0,0.0,4458510.823394943
2025-12-29,0.0,3062585.377802141,138713.59189169016,3012960.222279925,0.0,1669044.7270359145,1590939.9659058545,0.0,0.0,11709450.83033375,0.0,0.0,0.0,0.0,2871903.3583139535,0.0,2253807.526922901,0.0,0.0,4446021.399513867
2025-12-30,0.0,3001716.3430902734,133657.5852150023,2947968.1963110706,0.0,1652061.90865466,1577033.162792176,0.0,0.0,11722656.413330078,0.0,0.0,0.0,0.0,2858712.7726821154,0.0,2194388.937247256,0.0,0.0,4620474.680677369
2025-12-31,0.0,2925346.586237842,134243.28166864626,2949373.7264414504,0.0,1646595.888159779,1555243.5456265882,0.0,0.0,11693242.179482015,0.0,0.0,0.0,0.0,2865089.0372234043,0.0,2222505.706861017,0.0,0.0,4670272.048299257
2026-01-01,0.0,2925346.586237842,134243.28166864626,2949373.7264414504,0.0,1646595.888159779,1555243.5456265882,0.0,0.0,11693242.179482015,0.0,0.0,0.0,0.0,2865089.0372234043,0.0,2222505.706861017,0.0,0.0,4755539.048299257
2026-01-02,0.0,2966928.366744156,133681.06315362547,2874930.4992333767,0.0,1679032.1208879454,1600419.3290505372,0.0,0.0,12139612.085982952,0.0,0.0,0.0,0.0,2875326.0363989375,0.0,2161417.8613218237,0.0,0.0,4401098.637226649
2026-01-03,0.0,2966928.366744156,133681.06315362547,2874930.4992333767,0.0,1679032.1208879454,1600419.3290505372,0.0,0.0,12139612.085982952,0.0,0.0,0.0,0.0,2875326.0363989375,0.0,2161417.8613218237,0.0,0.0,4486365.637226649
2026-01-04,0.0,2966928.366744156,133681.06315362547,2874930.4992333767,0.0,1679032.1208879454,1600419.3290505372,0.0,0.0,12139612.085982952,0.0,0.0,0.0,0.0,2875326.0363989375,0.0,2161417.8613218237,0.0,0.0,4571632.637226649
2026-01-05,0.0,3051723.8665725775,131371.76982275397,2998009.8730200212,0.0,1682653.0501319394,0.0,0.0,0.0,12050421.493083548,0.0,0.0,0.0,0.0,2870209.750455819,0.0,2153949.68347345,0.0,0.0,6149907.51343989
2026-01-06,0.0,3128063.6142275855,391688.95215311274,3003253.1792343967,0.0,1705108.8605872802,0.0,0.0,0.0,12395474.733394949,0.0,0.0,0.0,0.0,2881513.7633552793,0.0,2215103.840535716,0.0,0.0,5453307.056511685
2026-01-07,0.0,3126765.0561826676,689419.2757268194,3034530.0083773066,0.0,1723355.4661617056,0.0,0.0,0.0,12311231.836408898,0.0,0.0,0.0,0.0,2879136.2775840014,0.0,2130449.029244017,0.0,0.0,5363894.050314587
2026-01-08,0.0,3127598.62633992,980482.9464813997,3030857.2018181738,0.0,1795759.3352050772,0.0,0.0,0.0,13201378.529355273,0.0,0.0,0.0,0.0,2882669.821413046,0.0,2129441.171569824,0.0,0.0,4195860.367817286
2026-01-09,0.0,3213727.9977066536,1581399.1490818374,3119404.7625234807,0.0,3371566.266954057,0.0,0.0,0.0,13190652.320251465,0.0,0.0,0.0,0.0,2888152.59358105,0.0,2121466.9231576556,0.0,0.0,1942944.9867438003
2026-01-10,0.0,3213727.9977066536,1581399.1490818374,3119404.7625234807,0.0,3371566.266954057,0.0,0.0,0.0,13190652.320251465,0.0,0.0,0.0,0.0,2888152.59358105,0.0,2121466.9231576556,0.0,0.0,2028211.9867438003
2026-01-11,0.0,3213727.9977066536,1581399.1490818374,3119404.7625234807,0.0,3371566.266954057,0.0,0.0,0.0,13190652.320251465,0.0,0.0,0.0,0.0,2888152.59358105,0.0,2121466.9231576556,0.0,0.0,2113478.9867438003
2026-01-12,0.0,3251619.7788868733,1621952.235552393,3105370.4149100035,0.0,3496267.813122198,0.0,0.0,0.0,13413310.799987793,0.0,0.0,0.0,0.0,2899619.6169729047,0.0,2142840.885620117,0.0,0.0,1754134.4549477175
2026-01-13,0.0,3277253.8877014685,1571576.9884447642,3111498.5920346817,0.0,3537462.4684938714,0.0,0.0,0.0,13408284.682223909,0.0,0.0,0.0,0.0,2918927.427598579,0.0,2150151.0597899714,0.0,0.0,1795227.893712759
2026-01-14,0.0,3213240.726239521,1638222.8178552613,3179798.7276618974,0.0,3605360.751329854,0.0,0.0,0.0,13989750.934704091,0.0,0.0,0.0,0.0,2936231.2492424687,0.0,2134023.251647949,0.0,0.0,1059021.5413189568
2026-01-15,0.0,3263018.7282626666,1612232.7946186513,3176906.226541368,0.0,3593243.0955321416,0.0,0.0,0.0,13745350.257147769,0.0,0.0,0.0,0.0,2913686.574329777,0.0,2173576.9039878664,0.0,0.0,1362902.4195797592
2026-01-16,0.0,3285003.0276942104,1600448.0805483386,3178780.146587641,0.0,3524363.876035452,0.0,0.0,0.0,13585962.002279079,0.0,0.0,0.0,0.0,2925517.271738254,0.0,2208914.971952835,0.0,0.0,1617195.6231641918
2026-01-17,0.0,3285003.0276942104,1600448.0805483386,3178780.146587641,0.0,3524363.876035452,0.0,0.0,0.0,13585962.002279079,0.0,0.0,0.0,0.0,2925517.271738254,0.0,2208914.971952835,0.0,0.0,1702462.6231641918
2026-01-18,0.0,3285003.0276942104,1600448.0805483386,3178780.146587641,0.0,3524363.876035452,0.0,0.0,0.0,13585962.002279079,0.0,0.0,0.0,0.0,2925517.271738254,0.0,2208914.971952835,0.0,0.0,1787729.6231641918
2026-01-19,0.0,3291130.90848805,1603433.574008055,3170298.5266982475,0.0,3530938.263189554,0.0,0.0,0.0,13611305.405288981,0.0,0.0,0.0,0.0,2930974.5638473923,0.0,2213035.506246941,0.0,0.0,1553297.2522327825
2026-01-20,0.0,3172987.9111196883,1651398.5674412102,3234026.548403227,0.0,3492688.4226957858,0.0,0.0,0.0,13449648.941365993,0.0,0.0,0.0,0.0,2930855.1871020664,0.0,2287036.4996792004,0.0,0.0,1771038.9221928343
2026-01-21,0.0,3187239.4082769547,1711623.8816030994,3148272.780995328,0.0,3538728.3712792844,0.0,0.0,0.0,14175428.033076022,0.0,0.0,0.0,0.0,2944531.480219897,0.0,2331863.082915712,0.0,0.0,1037260.9616337046
2026-01-22,0.0,3259359.549806336,1719124.4900694564,3149205.003934366,0.0,3453628.621803984,0.0,0.0,0.0,13982812.879127461,0.0,0.0,0.0,0.0,2917530.456903308,0.0,2293337.7154973545,0.0,0.0,1385216.282857731
2026-01-23,0.0,3179541.277700139,1656176.2040945068,3137224.6658277037,0.0,3451330.5825796723,0.0,0.0,0.0,14224614.193365179,0.0,0.0,0.0,0.0,2915599.803139705,0.0,2189402.7896118164,0.0,0.0,1491592.4836812764
2026-01-24,0.0,3179541.277700139,1656176.2040945068,3137224.6658277037,0.0,3451330.5825796723,0.0,0.0,0.0,14224614.193365179,0.0,0.0,0.0,0.0,2915599.803139705,0.0,2189402.7896118164,0.0,0.0,1576859.4836812764
2026-01-25,0.0,3179541.277700139,1656176.2040945068,3137224.6658277037,0.0,3451330.5825796723,0.0,0.0,0.0,14224614.193365179,0.0,0.0,0.0,0.0,2915599.803139705,0.0,2189402.7896118164,0.0,0.0,1662126.4836812764
2026-01-26,0.0,3154916.309460163,1663727.6627987176,3075005.9341482595,0.0,3100185.045517534,0.0,0.0,0.0,14349983.215411106,0.0,0.0,0.0,0.0,2880018.747420335,0.0,2179640.4701023432,0.0,0.0,2097805.6151415445
2026-01-27,0.0,3093179.8645183817,1664850.6091262698,3050752.812137322,0.0,3191819.117429763,0.0,0.0,0.0,14713298.583373211,0.0,0.0,0.0,0.0,2873562.2936821673,0.0,2182075.926981198,0.0,0.0,1817010.7927516885
2026-01-28,0.0,2984457.3339816406,1664003.6798038334,3090064.69353894,0.0,3094401.03457886,0.0,0.0,0.0,14059455.230293477,0.0,0.0,0.0,0.0,2855500.3887554845,0.0,2113453.606568178,0.0,0.0,2810481.032479584
2026-01-29,0.0,3006847.9364417866,1686309.9346096069,3034625.3978362596,0.0,3155942.569152564,0.0,0.0,0.0,14375126.478237882,0.0,0.0,0.0,0.0,2851379.289618982,0.0,2142618.650021951,0.0,0.0,2504233.7440809645
2026-01-30,0.0,2925909.0859239846,1666505.6230678707,3042641.237283429,0.0,3059236.881884113,0.0,0.0,0.0,14374597.680749204,0.0,0.0,0.0,0.0,2852698.118006898,0.0,2158141.942973251,0.0,0.0,2762620.430111248
2026-01-31,0.0,2925909.0859239846,1666505.6230678707,3042641.237283429,0.0,3059236.881884113,0.0,0.0,0.0,14374597.680749204,0.0,0.0,0.0,0.0,2852698.118006898,0.0,2158141.942973251,0.0,0.0,2847887.430111248
2026-02-01,0.0,2925909.0859239846,1666505.6230678707,3042641.237283429,0.0,3059236.881884113,0.0,0.0,0.0,14374597.680749204,0.0,0.0,0.0,0.0,2852698.118006898,0.0,2158141.942973251,0.0,0.0,2964166.430111248
2026-02-02,0.0,3042765.149350427,1738560.05859375,3003155.6836473923,0.0,3103535.5643624067,0.0,0.0,0.0,15077719.917787593,0.0,0.0,0.0,0.0,2880865.0267736334,0.0,2251725.1198950224,0.0,0.0,2061849.479589779
2026-02-03,0.0,2915376.6977424175,1758386.8218132555,3061212.553700067,0.0,3161699.9473784566,0.0,0.0,0.0,15282681.783149801,0.0,0.0,0.0,0.0,2888301.806662895,0.0,2187162.2164578643,0.0,0.0,2021632.1730952412
2026-02-04,0.0,2808491.3271331927,1740182.4659225084,2998531.420726754,0.0,3066388.039531924,0.0,0.0,0.0,15719465.831255976,0.0,0.0,0.0,0.0,2877832.209139529,0.0,2186584.54621054,0.0,0.0,1850271.160079576
2026-02-05,0.0,2654457.250548171,1675739.0172941163,3022739.7997191446,0.0,3029035.861543201,0.0,0.0,0.0,14894523.699651921,0.0,0.0,0.0,0.0,2909323.262743445,0.0,2151399.0896645617,0.0,0.0,3026808.0188354403
2026-02-06,0.0,2712404.221056601,1725284.2223099135,3065308.8100641677,0.0,3140179.6419730335,0.0,0.0,0.0,15710318.710462205,0.0,0.0,0.0,0.0,2927979.6757849823,0.0,2146016.286407797,0.0,0.0,2052813.431941297
2026-02-07,0.0,2712404.221056601,1725284.2223099135,3065308.8100641677,0.0,3140179.6419730335,0.0,0.0,0.0,15710318.710462205,0.0,0.0,0.0,0.0,2927979.6757849823,0.0,2146016.286407797,0.0,0.0,2169092.431941297
2026-02-08,0.0,2712404.221056601,1725284.2223099135,3065308.8100641677,0.0,3140179.6419730335,0.0,0.0,0.0,15710318.710462205,0.0,0.0,0.0,0.0,2927979.6757849823,0.0,2146016.286407797,0.0,0.0,2285370.431941297
2026-02-09,0.0,2677752.427467456,2252607.9478967297,3037008.2680136813,0.0,3296069.889791921,0.0,0.0,0.0,15918531.513457278,0.0,0.0,0.0,0.0,2912690.7145561413,0.0,2113094.9205767824,0.0,0.0,1621391.3182400092
2026-02-10,0.0,2664489.3347706273,2230122.3471899517,3072001.498154532,0.0,3158323.081305921,0.0,0.0,0.0,16106642.20601216,0.0,0.0,0.0,0.0,2908580.07528482,0.0,1989740.2737178141,0.0,0.0,1815527.183564175
2026-02-11,0.0,2664559.577164932,2194040.916428768,3098008.309413793,0.0,3162887.3180758506,0.0,0.0,0.0,16673366.885391075,0.0,0.0,0.0,0.0,2899798.8772043344,0.0,1957709.8357885215,0.0,0.0,1411333.2805327214
2026-02-12,0.0,2574722.105608888,2147221.6395904412,3140284.5618788637,0.0,2981119.28385517,0.0,0.0,0.0,15713335.780424647,0.0,0.0,0.0,0.0,2879963.5087158363,0.0,1937236.3717012736,0.0,0.0,2804099.7482248805
2026-02-13,0.0,2655276.9598123915,2208597.141495918,3119902.5992982555,0.0,2980892.7064519376,0.0,0.0,0.0,16222704.402667511,0.0,0.0,0.0,0.0,2876937.176143649,0.0,1947880.6353429402,0.0,0.0,2282070.3787873946
2026-02-14,0.0,2655276.9598123915,2208597.141495918,3119902.5992982555,0.0,2980892.7064519376,0.0,0.0,0.0,16222704.402667511,0.0,0.0,0.0,0.0,2876937.176143649,0.0,1947880.6353429402,0.0,0.0,2398349.3787873946
2026-02-15,0.0,2655276.9598123915,2208597.141495918,3119902.5992982555,0.0,2980892.7064519376,0.0,0.0,0.0,16222704.402667511,0.0,0.0,0.0,0.0,2876937.176143649,0.0,1947880.6353429402,0.0,0.0,2514628.3787873946
2026-02-16,0.0,2652733.899844542,2206481.883818225,3157726.9015439786,0.0,2978037.7918705344,0.0,0.0,0.0,16207167.30022544,0.0,0.0,0.0,0.0,2874181.8237365745,0.0,1946015.0758021232,0.0,0.0,2620754.3231585845
2026-02-17,0.0,2584791.367028039,2235697.747901313,3126323.9558381033,0.0,2932541.715016365,0.0,0.0,0.0,16208204.53101353,0.0,0.0,0.0,0.0,2873244.3012719024,0.0,2053695.9719654499,0.0,0.0,2744877.4099652953
2026-02-18,0.0,2588728.6132372264,2203542.9301227797,3156431.247115233,0.0,3006590.0639021248,0.0,0.0,0.0,16562304.773835853,0.0,0.0,0.0,0.0,2873903.0085853105,0.0,2021861.7993354786,0.0,0.0,2462293.563865993
2026-02-19,0.0,2629688.92048115,2215628.6131062377,3288141.904048902,0.0,4306127.067164239,0.0,0.0,0.0,17123286.428592276,0.0,0.0,0.0,0.0,2874282.338715958,0.0,2076854.8270432139,0.0,0.0,477924.9008480236
2026-02-20,0.0,2679481.2900981903,2216360.4054136276,3213328.1811765963,0.0,4303509.664554596,0.0,0.0,0.0,17103978.454805374,0.0,0.0,0.0,0.0,2888246.664475441,0.0,2109806.0959863663,0.0,0.0,1993503.2434898093
2026-02-21,0.0,2679481.2900981903,2216360.4054136276,3213328.1811765963,0.0,4303509.664554596,0.0,0.0,0.0,17103978.454805374,0.0,0.0,0.0,0.0,2888246.664475441,0.0,2109806.0959863663,0.0,0.0,2109781.2434898093
2026-02-22,0.0,2679481.2900981903,2216360.4054136276,3213328.1811765963,0.0,4303509.664554596,0.0,0.0,0.0,17103978.454805374,0.0,0.0,0.0,0.0,2888246.664475441,0.0,2109806.0959863663,0.0,0.0,2226060.2434898093
2026-02-23,0.0,2637886.492919922,2192484.285703562,3222476.9511640593,0.0,4397800.795655511,0.0,0.0,0.0,18338198.021046743,0.0,0.0,0.0,0.0,2882008.438198846,0.0,2069243.348926818,0.0,0.0,1116951.6663845405
2026-02-24,0.0,2738103.1467789914,2197869.508111128,3213228.657701004,0.0,4571196.841999516,0.0,0.0,0.0,18443184.752434753,0.0,0.0,0.0,0.0,2879532.642555231,0.0,2068835.8822208387,0.0,0.0,861377.5681985319
2026-02-25,0.0,2762548.7594118807,2255283.5782759823,3218551.481437683,0.0,4422569.257507324,0.0,0.0,0.0,18210906.11851315,0.0,0.0,0.0,0.0,2875120.1790454853,0.0,2072505.5412601284,0.0,0.0,1272123.084548369
2026-02-26,0.0,2764662.73937599,2236627.167944448,3274896.0833587646,0.0,4229135.308429734,0.0,0.0,0.0,17829790.816649012,0.0,0.0,0.0,0.0,2850211.143581598,0.0,2029308.612082996,0.0,0.0,1991254.1285774559
2026-02-27,0.0,2779732.0553324185,2082650.487817676,3384123.4146881104,0.0,4172920.824426762,0.0,0.0,0.0,18314530.44937101,0.0,0.0,0.0,0.0,2863319.4835553737,0.0,2058745.0903706048,0.0,0.0,1666143.1944380477
2026-02-28,0.0,2779732.0553324185,2082650.487817676,3384123.4146881104,0.0,4172920.824426762,0.0,0.0,0.0,18314530.44937101,0.0,0.0,0.0,0.0,2863319.4835553737,0.0,2058745.0903706048,0.0,0.0,1782422.1944380477
2026-03-01,0.0,2779732.0553324185,2082650.487817676,3384123.4146881104,0.0,4172920.824426762,0.0,0.0,0.0,18314530.44937101,0.0,0.0,0.0,0.0,2863319.4835553737,0.0,2058745.0903706048,0.0,0.0,1924898.1944380477
2026-03-02,0.0,3068550.7420921326,2164136.8639440536,3319276.6767730713,0.0,4084692.536716461,0.0,0.0,0.0,18497772.83110428,0.0,0.0,0.0,0.0,2872252.9949970245,0.0,2060795.0895738602,0.0,0.0,1655917.264799118
2026-03-03,0.0,3075457.690126773,3578044.7947326517,3189003.4062957764,0.0,2974975.223649293,0.0,0.0,0.0,20498602.102452137,0.0,0.0,0.0,0.0,2898556.7047531344,0.0,2083281.3956472976,0.0,0.0,0.0
2026-03-04,0.0,3223882.6877910467,3771550.7698899405,3202432.5009613037,0.0,3118154.505498125,0.0,0.0,0.0,20009283.83002399,0.0,0.0,0.0,0.0,2958813.517765218,0.0,2134508.3664506357,0.0,0.0,0.0
2026-03-05,0.0,3015937.411716461,4227527.306951523,3271202.14704895,0.0,2897032.5043678284,0.0,0.0,0.0,18880310.322914124,0.0,0.0,0.0,0.0,2911888.2010297775,0.0,2081568.75,0.0,0.0,865357.3559713364
2026-03-06,0.0,2954063.584241729,4267735.353472209,3367409.7504730225,0.0,2861372.38146225,0.0,0.0,0.0,18529664.687286176,0.0,0.0,0.0,0.0,2950498.004851129,0.0,2052080.4371618084,0.0,0.0,1310474.8010516688
2026-03-07,0.0,2954063.584241729,4267735.353472209,3367409.7504730225,0.0,2861372.38146225,0.0,0.0,0.0,18529664.687286176,0.0,0.0,0.0,0.0,2950498.004851129,0.0,2052080.4371618084,0.0,0.0,1452949.8010516688
2026-03-08,0.0,2954063.584241729,4267735.353472209,3367409.7504730225,0.0,2861372.38146225,0.0,0.0,0.0,18529664.687286176,0.0,0.0,0.0,0.0,2950498.004851129,0.0,2052080.4371618084,0.0,0.0,1595425.8010516688
2026-03-09,0.0,2964808.660099659,4324478.9485478075,3204782.148756027,0.0,2892993.296198733,0.0,0.0,0.0,19117063.29309082,0.0,0.0,0.0,0.0,2924598.4337025876,0.0,2054120.4615783691,0.0,0.0,1237884.7580259964
2026-03-10,0.0,2964808.660099659,4324478.9485478075,3204782.148756027,0.0,2892993.296198733,0.0,0.0,0.0,19117063.29309082,0.0,0.0,0.0,0.0,2924598.4337025876,0.0,2054120.4615783691,0.0,0.0,1380360.7580259964
