Date,ADMA,ACGL,IGIC,PL,CPNG,OPEN,FIX,BRK-B,USLM,FTLF,CHR,CPRX,AM,IRMD,3093.T,HCC,SCHO,TDW,AMRZ,Cash
2025-01-02,0.0,0.0,0.0,0.0,0.0,0.0,0.0,0.0,0.0,0.0,0.0,0.0,0.0,0.0,5030505.518571474,0.0,0.0,164238.54002790526,0.0,10683156.941400621
2025-01-03,0.0,0.0,0.0,0.0,0.0,0.0,0.0,0.0,0.0,0.0,0.0,0.0,0.0,0.0,5043316.590298433,79862.27637142129,0.0,249268.0770932464,0.0,10490736.0562369
2025-01-04,0.0,0.0,0.0,0.0,0.0,0.0,0.0,0.0,0.0,0.0,0.0,0.0,0.0,0.0,5043316.590298433,79862.27637142129,0.0,249268.0770932464,0.0,10476017.0562369
2025-01-05,0.0,0.0,0.0,0.0,0.0,0.0,0.0,0.0,0.0,0.0,0.0,0.0,0.0,0.0,5043316.590298433,79862.27637142129,0.0,249268.0770932464,0.0,10461298.0562369
2025-01-06,0.0,132982.19172768854,0.0,0.0,0.0,0.0,0.0,0.0,0.0,0.0,0.0,0.0,0.0,0.0,5024595.525186975,155650.63346227817,0.0,248099.58000140078,0.0,10257699.069621658
2025-01-07,0.0,134634.25799560547,0.0,0.0,0.0,0.0,0.0,0.0,0.0,0.0,0.0,0.0,0.0,0.0,0.0,151870.5365113467,0.0,252586.9970365679,0.0,15265216.208456479
2025-01-08,0.0,134531.20656938478,0.0,0.0,0.0,0.0,0.0,0.0,0.0,0.0,0.0,0.0,0.0,0.0,0.0,227057.29214590928,0.0,405364.8984709778,0.0,15022635.602813728
2025-01-09,0.0,135095.50282459706,0.0,0.0,0.0,0.0,0.0,0.0,0.0,0.0,0.0,0.0,0.0,0.0,0.0,304012.9234413989,0.0,488478.2603191864,0.0,14847283.313414818
2025-01-10,0.0,262436.169348523,0.0,0.0,0.0,0.0,0.0,0.0,0.0,0.0,0.0,0.0,0.0,0.0,0.0,364833.0629834812,0.0,645656.4270759523,0.0,14487226.340592043
2025-01-11,0.0,262436.169348523,0.0,0.0,0.0,0.0,0.0,0.0,0.0,0.0,0.0,0.0,0.0,0.0,0.0,364833.0629834812,0.0,645656.4270759523,0.0,14472507.340592043
2025-01-12,0.0,262436.169348523,0.0,0.0,0.0,0.0,0.0,0.0,0.0,0.0,0.0,0.0,0.0,0.0,0.0,364833.0629834812,0.0,645656.4270759523,0.0,14457788.340592043
2025-01-13,0.0,267448.9403915405,0.0,0.0,0.0,0.0,0.0,0.0,0.0,0.0,0.0,0.0,0.0,0.0,0.0,393692.11456775665,0.0,648732.2615661621,0.0,14406122.68347454
2025-01-14,0.0,402609.8679929534,0.0,0.0,0.0,0.0,0.0,0.0,0.0,0.0,0.0,0.0,0.0,0.0,0.0,542715.1049366421,0.0,717555.0737396395,0.0,14038396.953330765
2025-01-15,0.0,410179.1739770137,0.0,0.0,0.0,0.0,0.0,0.0,0.0,0.0,0.0,0.0,0.0,0.0,0.0,626132.2482385635,0.0,907824.0450132396,0.0,13742422.532771183
2025-01-16,0.0,414350.51097464,0.0,0.0,0.0,0.0,0.0,0.0,0.0,0.0,0.0,0.0,0.0,0.0,0.0,621435.8360451683,0.0,875367.5506698703,0.0,13760686.102310322
2025-01-17,0.0,416419.7735240841,0.0,0.0,0.0,0.0,0.0,0.0,0.0,0.0,0.0,0.0,0.0,0.0,0.0,891067.5183292883,0.0,1052348.9875222468,0.0,13297284.72062438
2025-01-18,0.0,416419.7735240841,0.0,0.0,0.0,0.0,0.0,0.0,0.0,0.0,0.0,0.0,0.0,0.0,0.0,891067.5183292883,0.0,1052348.9875222468,0.0,13282565.72062438
2025-01-19,0.0,416419.7735240841,0.0,0.0,0.0,0.0,0.0,0.0,0.0,0.0,0.0,0.0,0.0,0.0,0.0,891067.5183292883,0.0,1052348.9875222468,0.0,13267846.72062438
2025-01-20,0.0,417583.102138971,0.0,0.0,0.0,0.0,0.0,0.0,0.0,0.0,0.0,0.0,0.0,0.0,0.0,893556.8437834955,0.0,1055288.8759902497,0.0,13246536.178087283
2025-01-21,0.0,408609.25571065955,0.0,0.0,0.0,0.0,0.0,0.0,0.0,0.0,0.0,0.0,0.0,0.0,0.0,897430.3836898003,0.0,1044319.3686274197,0.0,13247886.99197212
2025-01-22,0.0,531591.5529426634,0.0,0.0,0.0,0.0,0.0,0.0,0.0,0.0,0.0,0.0,0.0,0.0,0.0,867638.8009153642,0.0,1177346.1084389873,0.0,13006950.537702985
2025-01-23,0.0,667111.4940281073,0.0,0.0,0.0,0.0,782258.2364787608,0.0,0.0,0.0,0.0,0.0,0.0,0.0,0.0,962630.1203049682,0.0,1353543.5546182902,0.0,11803265.594569873
2025-01-24,0.0,665056.7742271582,0.0,0.0,0.0,0.0,777533.6932001263,0.0,0.0,0.0,0.0,0.0,0.0,0.0,0.0,1013637.964094358,0.0,1347550.0775185414,0.0,11750311.490959816
2025-01-25,0.0,665056.7742271582,0.0,0.0,0.0,0.0,777533.6932001263,0.0,0.0,0.0,0.0,0.0,0.0,0.0,0.0,1013637.964094358,0.0,1347550.0775185414,0.0,11735592.490959816
2025-01-26,0.0,665056.7742271582,0.0,0.0,0.0,0.0,777533.6932001263,0.0,0.0,0.0,0.0,0.0,0.0,0.0,0.0,1013637.964094358,0.0,1347550.0775185414,0.0,11720874.490959816
2025-01-27,0.0,688974.2163941497,0.0,0.0,0.0,0.0,575068.5619439743,0.0,0.0,0.0,0.0,0.0,0.0,0.0,0.0,982243.3500076691,0.0,1335076.7109303572,0.0,11928571.16072385
2025-01-28,0.0,675000.8304294432,0.0,0.0,0.0,0.0,588027.4699824303,0.0,0.0,0.0,0.0,0.0,0.0,0.0,0.0,956502.2042467324,0.0,1283813.1257301257,0.0,11991871.369611269
2025-01-29,0.0,677033.2683788147,0.0,0.0,0.0,0.0,613234.298351638,0.0,0.0,0.0,0.0,0.0,0.0,0.0,0.0,1003070.678343921,0.0,1315343.8900753297,0.0,11871813.864850298
2025-01-30,0.0,682546.0158140864,0.0,0.0,0.0,0.0,623988.99541324,0.0,0.0,0.0,0.0,0.0,0.0,0.0,0.0,997329.1551690982,0.0,1360790.889296473,0.0,11801122.944307102
2025-01-31,0.0,939227.0925880065,0.0,0.0,0.0,0.0,627423.0473215878,0.0,0.0,0.0,0.0,0.0,0.0,0.0,0.0,1437166.7749809804,0.0,1986247.1340890508,0.0,10160994.951020375
2025-02-01,0.0,939227.0925880065,0.0,0.0,0.0,0.0,627423.0473215878,0.0,0.0,0.0,0.0,0.0,0.0,0.0,0.0,1437166.7749809804,0.0,1986247.1340890508,0.0,10125566.951020375
2025-02-02,0.0,939227.0925880065,0.0,0.0,0.0,0.0,627423.0473215878,0.0,0.0,0.0,0.0,0.0,0.0,0.0,0.0,1437166.7749809804,0.0,1986247.1340890508,0.0,10090137.951020375
2025-02-03,0.0,949383.529532684,0.0,0.0,0.0,0.0,619922.4540253058,0.0,0.0,0.0,0.0,0.0,0.0,0.0,0.0,1422242.5713948896,0.0,1979793.2127534244,0.0,10873432.232293695
2025-02-04,0.0,947492.4769229572,0.0,0.0,0.0,0.0,617995.1905928329,0.0,0.0,0.0,0.0,0.0,0.0,0.0,0.0,1458085.7457841504,0.0,2083786.1103122868,0.0,10701986.476387773
2025-02-05,0.0,944663.2246823236,0.0,0.0,0.0,0.0,643463.0206446797,0.0,0.0,0.0,0.0,0.0,0.0,0.0,0.0,1625063.952957559,0.0,2555530.0044710934,0.0,10005197.797244344
2025-02-06,0.0,948866.7342660306,0.0,0.0,0.0,0.0,675873.7764710784,0.0,0.0,0.0,0.0,0.0,0.0,0.0,0.0,1681190.2849188838,0.0,2489497.4570079595,0.0,9943060.747336049
2025-02-07,0.0,1078728.2182617188,0.0,0.0,0.0,0.0,661134.1994567625,0.0,0.0,0.0,0.0,0.0,0.0,0.0,0.0,1728446.929739127,0.0,2713044.733428955,0.0,6521706.919113437
2025-02-08,0.0,1078728.2182617188,0.0,0.0,0.0,0.0,661134.1994567625,0.0,0.0,0.0,0.0,0.0,0.0,0.0,0.0,1728446.929739127,0.0,2713044.733428955,0.0,6486278.919113437
2025-02-09,0.0,1078728.2182617188,0.0,0.0,0.0,0.0,661134.1994567625,0.0,0.0,0.0,0.0,0.0,0.0,0.0,0.0,1728446.929739127,0.0,2713044.733428955,0.0,6450849.919113437
2025-02-10,0.0,1061389.6274026856,0.0,0.0,0.0,0.0,672042.2999095246,0.0,0.0,0.0,0.0,0.0,0.0,0.0,0.0,1771107.8505618572,0.0,3159102.209198941,0.0,5933134.012926992
2025-02-11,0.0,1302076.1028257757,0.0,0.0,0.0,0.0,1258759.5761851072,0.0,0.0,0.0,0.0,0.0,0.0,0.0,0.0,2246341.550103463,0.0,3909992.1779334582,0.0,3844178.5929521956
2025-02-12,0.0,1408475.1790904999,0.0,0.0,0.0,0.0,1151646.9492645264,0.0,0.0,0.0,0.0,0.0,0.0,0.0,0.0,2202381.74097538,0.0,4184166.0930461884,0.0,3579250.0376234055
2025-02-13,0.0,1440154.5848534666,0.0,0.0,0.0,0.0,1143271.1600912511,0.0,148677.46916742437,0.0,0.0,0.0,0.0,158390.9257335784,0.0,2264754.2108812234,0.0,4265747.817307251,0.0,3069494.831965806
2025-02-14,0.0,1395865.4902278446,0.0,0.0,0.0,0.0,1121755.116587609,0.0,149674.90751342103,0.0,0.0,0.0,0.0,156435.79559161514,0.0,2055962.5359901981,0.0,4225665.628298365,0.0,3349703.5257909484
2025-02-15,0.0,1395865.4902278446,0.0,0.0,0.0,0.0,1121755.116587609,0.0,149674.90751342103,0.0,0.0,0.0,0.0,156435.79559161514,0.0,2055962.5359901981,0.0,4225665.628298365,0.0,3314275.5257909484
2025-02-16,0.0,1395865.4902278446,0.0,0.0,0.0,0.0,1121755.116587609,0.0,149674.90751342103,0.0,0.0,0.0,0.0,156435.79559161514,0.0,2055962.5359901981,0.0,4225665.628298365,0.0,3278846.5257909484
2025-02-17,0.0,1389908.4482220467,0.0,0.0,0.0,0.0,1116967.8771318644,0.0,149036.1498985123,0.0,0.0,0.0,0.0,155768.18498581275,0.0,2047188.4418708277,0.0,4207632.037077393,0.0,3282276.860813543
2025-02-18,0.0,1400400.6696841866,0.0,0.0,0.0,0.0,1133423.3084187508,0.0,152584.8499719873,0.0,0.0,0.0,0.0,161650.26874063164,0.0,2094515.3334949873,0.0,4300866.997529559,0.0,3069908.5721598975
2025-02-19,0.0,1404927.6430014148,290234.2979694158,0.0,0.0,0.0,1136116.6438704357,0.0,148450.02568292897,0.0,0.0,0.0,0.0,160862.48608723283,0.0,2357315.142389091,0.0,4257222.043119334,0.0,2522793.7178801466
2025-02-20,0.0,1410532.4382073358,283693.69995001704,0.0,0.0,0.0,1096635.4569909573,0.0,145266.1432580985,0.0,0.0,0.0,0.0,161985.2675074935,0.0,2410812.561818706,0.0,4147257.5667574704,0.0,2586309.8655099217
2025-02-21,0.0,1387932.8404094558,413847.4137734603,0.0,0.0,0.0,1038599.395852983,0.0,407963.5739434585,0.0,0.0,0.0,0.0,158517.12126918882,0.0,2302287.7651808877,0.0,4045640.380620852,0.0,2452276.508949714
2025-02-22,0.0,1387932.8404094558,413847.4137734603,0.0,0.0,0.0,1038599.395852983,0.0,407963.5739434585,0.0,0.0,0.0,0.0,158517.12126918882,0.0,2302287.7651808877,0.0,4045640.380620852,0.0,2416848.508949714
2025-02-23,0.0,1387932.8404094558,413847.4137734603,0.0,0.0,0.0,1038599.395852983,0.0,407963.5739434585,0.0,0.0,0.0,0.0,158517.12126918882,0.0,2302287.7651808877,0.0,4045640.380620852,0.0,2381419.508949714
2025-02-24,0.0,1412847.4511266798,416832.0400744602,0.0,0.0,0.0,1024871.2295667529,0.0,402948.26525732875,0.0,0.0,0.0,0.0,156169.894505091,0.0,2489949.0705301054,0.0,4022437.875820756,0.0,2174724.173118826
2025-02-25,0.0,1419863.8027844997,419488.0174026601,0.0,0.0,0.0,1046608.4815053865,0.0,406581.24917367473,0.0,0.0,0.0,0.0,154060.59952298552,0.0,2545399.1269865446,0.0,3827410.573613953,0.0,2245940.149010297
2025-02-26,0.0,1408443.4602012634,423080.1954574585,0.0,0.0,0.0,1067771.7606811523,0.0,413669.85122680664,0.0,0.0,0.0,0.0,157229.08782577515,0.0,2517014.330062866,0.0,3829687.692214966,0.0,2213027.622329712
2025-02-27,0.0,1453210.922444732,406807.39907134697,0.0,0.0,0.0,1019503.9779782072,0.0,394912.2033915231,0.0,0.0,0.0,0.0,152671.74969987944,0.0,2486674.6193393064,0.0,3903917.4690314904,0.0,2176796.659043515
2025-02-28,0.0,1481771.4620341547,701992.5333951972,0.0,0.0,0.0,1049837.297033511,0.0,678870.7886275835,0.0,0.0,0.0,0.0,154343.7191168815,0.0,2433079.472579621,0.0,3703986.2150547616,0.0,1755185.5121582896
2025-03-01,0.0,1481771.4620341547,701992.5333951972,0.0,0.0,0.0,1049837.297033511,0.0,678870.7886275835,0.0,0.0,0.0,0.0,154343.7191168815,0.0,2433079.472579621,0.0,3703986.2150547616,0.0,1747332.5121582896
2025-03-02,0.0,1481771.4620341547,701992.5333951972,0.0,0.0,0.0,1049837.297033511,0.0,678870.7886275835,0.0,0.0,0.0,0.0,154343.7191168815,0.0,2433079.472579621,0.0,3703986.2150547616,0.0,1739479.5121582896
2025-03-03,0.0,1493054.3478453998,688383.3408735972,0.0,0.0,0.0,1005394.7833481878,0.0,658980.7969900407,0.0,0.0,0.0,0.0,153614.65266473033,0.0,2435511.6928762663,0.0,3323088.9558911175,0.0,2177479.4295106605
2025-03-04,0.0,1473340.4184262315,664503.6337046139,0.0,0.0,0.0,985482.3205336109,0.0,654936.0789583717,0.0,0.0,0.0,0.0,153273.9399958318,0.0,2483214.7868178017,0.0,3452728.345147781,0.0,2060178.476415757
2025-03-05,0.0,1459896.2735819248,667041.385527011,0.0,0.0,0.0,1009584.0647058338,0.0,666353.6560597317,0.0,0.0,0.0,0.0,152338.20111438632,0.0,2470510.3806774854,0.0,4383219.368557845,0.0,1143734.6697757803
2025-03-06,0.0,1450504.881251229,654498.8689969294,0.0,0.0,0.0,943574.7359676808,0.0,650258.5260485206,0.0,0.0,0.0,0.0,149285.39350844175,0.0,2426648.287095828,0.0,4378153.108886719,0.0,1291901.1982446518
2025-03-07,0.0,1447946.5,665199.7407531738,0.0,0.0,0.0,934716.045715332,0.0,651461.3456726074,0.0,0.0,0.0,0.0,149130.2300415039,0.0,2357350.8870220184,0.0,4618819.313331604,0.0,1112347.9374637604
2025-03-08,0.0,1447946.5,665199.7407531738,0.0,0.0,0.0,934716.045715332,0.0,651461.3456726074,0.0,0.0,0.0,0.0,149130.2300415039,0.0,2357350.8870220184,0.0,4618819.313331604,0.0,1104494.9374637604
2025-03-09,0.0,1447946.5,665199.7407531738,0.0,0.0,0.0,934716.045715332,0.0,651461.3456726074,0.0,0.0,0.0,0.0,149130.2300415039,0.0,2357350.8870220184,0.0,4618819.313331604,0.0,1096641.9374637604
2025-03-10,0.0,1443251.8083653077,677167.2345948871,0.0,0.0,0.0,904028.4964387715,0.0,614553.6390060838,0.0,0.0,0.0,0.0,148448.62842760608,0.0,2372084.44959864,0.0,4318387.599854674,0.0,1435492.1437140293
2025-03-11,0.0,1443902.1300390735,678424.4383318815,0.0,0.0,0.0,943671.9462726265,0.0,640211.1934839282,0.0,0.0,0.0,0.0,150503.56960435398,0.0,2482697.6822003955,0.0,4382892.195648532,0.0,1183257.8444192074
2025-03-12,0.0,1423102.452807203,685589.4126378559,0.0,0.0,0.0,972613.0333321989,0.0,671305.9343205951,0.0,0.0,0.0,0.0,151401.3608448319,0.0,2418334.2260330915,0.0,4320789.553585555,0.0,1254572.0264386684
2025-03-13,0.0,1440796.4208602905,668654.1862487793,0.0,0.0,0.0,946027.8255462646,0.0,660859.274148941,0.0,0.0,0.0,0.0,147159.38535690308,0.0,2439297.24919796,0.0,4280795.507717133,0.0,1306265.150923729
2025-03-14,0.0,1479780.4873335175,692566.7759405449,0.0,0.0,0.0,989202.1346892416,0.0,675880.9966810048,0.0,0.0,0.0,0.0,150512.79150877148,0.0,2493953.393214941,0.0,4345651.72338577,0.0,1054453.6972462088
2025-03-15,0.0,1479780.4873335175,692566.7759405449,0.0,0.0,0.0,989202.1346892416,0.0,675880.9966810048,0.0,0.0,0.0,0.0,150512.79150877148,0.0,2493953.393214941,0.0,4345651.72338577,0.0,1046600.6972462088
2025-03-16,0.0,1479780.4873335175,692566.7759405449,0.0,0.0,0.0,989202.1346892416,0.0,675880.9966810048,0.0,0.0,0.0,0.0,150512.79150877148,0.0,2493953.393214941,0.0,4345651.72338577,0.0,1038748.6972462088
2025-03-17,0.0,1518720.355718322,697566.5489287023,0.0,0.0,0.0,1001450.1278434098,0.0,673358.5400696844,0.0,0.0,0.0,0.0,149078.37559724785,0.0,2441823.2333165593,0.0,4444671.296580279,0.0,931775.521945795
2025-03-18,0.0,1480427.5254009701,682362.135528205,0.0,0.0,0.0,976624.183676362,0.0,658075.6388088502,0.0,0.0,0.0,0.0,148261.04536735453,0.0,2490607.4519878253,0.0,4411740.4313871935,0.0,1002492.5878432393
2025-03-19,0.0,1485293.8834480941,689177.8719693236,0.0,0.0,0.0,1033698.0211132765,0.0,692753.4058693796,0.0,0.0,0.0,0.0,151212.92080434412,0.0,2425474.3844375666,0.0,4538688.647588298,0.0,826438.8647697177
2025-03-20,0.0,1467855.4269430842,723503.4845364047,0.0,0.0,0.0,1027607.2667477801,0.0,679369.9231220176,0.0,0.0,0.0,0.0,149636.16309033427,0.0,2369892.9051100602,0.0,4583254.032815726,0.0,833765.7976345941
2025-03-21,0.0,1483087.35938361,713528.3312865114,0.0,0.0,0.0,1030004.40685305,0.0,680273.7266868586,0.0,0.0,0.0,0.0,151469.4068425512,0.0,2383726.529860331,0.0,4563361.30728556,0.0,821580.9318015277
2025-03-22,0.0,1483087.35938361,713528.3312865114,0.0,0.0,0.0,1030004.40685305,0.0,680273.7266868586,0.0,0.0,0.0,0.0,151469.4068425512,0.0,2383726.529860331,0.0,4563361.30728556,0.0,813728.9318015277
2025-03-23,0.0,1483087.35938361,713528.3312865114,0.0,0.0,0.0,1030004.40685305,0.0,680273.7266868586,0.0,0.0,0.0,0.0,151469.4068425512,0.0,2383726.529860331,0.0,4563361.30728556,0.0,805875.9318015277
2025-03-24,0.0,1514743.7105163764,730963.1974011194,0.0,0.0,0.0,1108453.1549117267,0.0,706246.1519452091,0.0,0.0,0.0,0.0,152894.94237642176,0.0,2460160.0378878973,0.0,4773659.62351476,0.0,656353.181446489
2025-03-25,0.0,1525478.0324529484,714835.8878791891,0.0,0.0,0.0,1091499.2243163884,0.0,679458.5103369504,0.0,0.0,0.0,0.0,153339.99312134087,0.0,2497419.807417961,0.0,4721008.050565217,0.0,712581.4939100053
2025-03-26,0.0,1542841.1995407073,705743.3036630787,0.0,0.0,0.0,1008303.2520011216,0.0,663953.5125433002,0.0,0.0,0.0,0.0,152383.17878579441,0.0,2491829.419752832,0.0,4813580.492472722,0.0,709133.641240444
2025-03-27,0.0,1562913.307835646,721620.370838237,0.0,0.0,0.0,971793.8251042962,0.0,659075.6905616214,0.0,0.0,0.0,0.0,154493.8956957236,0.0,2569478.5225418024,0.0,4792861.5674904,0.0,647677.8199322745
2025-03-28,0.0,1528639.8734575436,702119.8804515228,0.0,0.0,0.0,945448.546754472,0.0,649931.9728569034,0.0,0.0,0.0,0.0,151294.25126705226,0.0,2476200.1258702297,0.0,4701496.66366834,0.0,916931.6856739372
2025-03-29,0.0,1528639.8734575436,702119.8804515228,0.0,0.0,0.0,945448.546754472,0.0,649931.9728569034,0.0,0.0,0.0,0.0,151294.25126705226,0.0,2476200.1258702297,0.0,4701496.66366834,0.0,909078.6856739372
2025-03-30,0.0,1528639.8734575436,702119.8804515228,0.0,0.0,0.0,945448.546754472,0.0,649931.9728569034,0.0,0.0,0.0,0.0,151294.25126705226,0.0,2476200.1258702297,0.0,4701496.66366834,0.0,901225.6856739372
2025-03-31,0.0,1554606.4328941377,717457.453586692,0.0,0.0,0.0,945092.8928796351,0.0,647923.536247001,0.0,0.0,0.0,0.0,152275.63044871856,0.0,2444373.434860306,0.0,4596285.248488926,0.0,990489.3705945835
2025-04-01,0.0,1556656.5272073,722799.980093725,0.0,0.0,0.0,969261.0177594423,0.0,670124.7307942808,0.0,0.0,0.0,0.0,155359.302850686,0.0,2466061.6225819476,0.0,4679419.4944949,0.0,812775.3242177181
2025-04-02,0.0,1565547.4132636506,722368.3561886474,0.0,0.0,0.0,1003970.1105033159,0.0,681979.789558528,0.0,0.0,0.0,0.0,155584.66679082066,0.0,2392524.8940403853,0.0,4711165.707288818,0.0,783271.0623658337
2025-04-03,0.0,1552653.6648847163,707922.0587657765,0.0,0.0,0.0,910863.7224510312,0.0,636490.1325292885,0.0,0.0,0.0,0.0,148684.05558764935,0.0,2244054.648533929,0.0,4096467.536658235,0.0,1703231.1805893742
2025-04-04,0.0,1401545.5495107677,651920.8760277135,0.0,0.0,0.0,858305.2486656681,0.0,620774.4525371864,0.0,0.0,0.0,0.0,143001.2245798502,0.0,2056189.6437025093,0.0,3733644.136794038,0.0,2518939.868182266
2025-04-05,0.0,1401545.5495107677,651920.8760277135,0.0,0.0,0.0,858305.2486656681,0.0,620774.4525371864,0.0,0.0,0.0,0.0,143001.2245798502,0.0,2056189.6437025093,0.0,3733644.136794038,0.0,2502893.868182266
2025-04-06,0.0,1401545.5495107677,651920.8760277135,0.0,0.0,0.0,858305.2486656681,0.0,620774.4525371864,0.0,0.0,0.0,0.0,143001.2245798502,0.0,2056189.6437025093,0.0,3733644.136794038,0.0,2486847.868182266
2025-04-07,0.0,1363555.7467864864,617178.4569616243,0.0,0.0,0.0,908403.283094734,0.0,744414.4547280818,0.0,0.0,0.0,0.0,142190.01195352525,0.0,2077979.0275289677,0.0,4243359.749275524,0.0,1839102.2696710564
2025-04-08,0.0,1397363.7929758616,655321.6588729993,0.0,0.0,0.0,915756.7487983406,0.0,752272.4348906614,0.0,0.0,0.0,0.0,141272.43841755204,0.0,2225955.729446863,0.0,3957193.686259575,0.0,3275001.5103381462
2025-04-09,0.0,1495462.9561907137,694140.4715746362,0.0,0.0,0.0,1057976.2588770762,0.0,831020.4693249352,0.0,0.0,0.0,0.0,151895.3962556729,0.0,2313142.667127624,0.0,4467485.111683554,0.0,2292968.6689657867
2025-04-10,0.0,1438722.8814320974,755142.1001178268,0.0,0.0,0.0,1458207.238371335,0.0,777522.6964225508,0.0,0.0,0.0,0.0,142851.0487235505,0.0,2202691.190623599,0.0,4328268.89685533,0.0,2184639.947453711
2025-04-11,0.0,1471540.8929174915,765404.8607764728,0.0,0.0,0.0,1515792.475583464,0.0,796570.6294083148,0.0,0.0,0.0,0.0,149930.77798177302,0.0,2397762.2622168437,0.0,4874934.044193085,0.0,1300064.056922555
2025-04-12,0.0,1471540.8929174915,765404.8607764728,0.0,0.0,0.0,1515792.475583464,0.0,796570.6294083148,0.0,0.0,0.0,0.0,149930.77798177302,0.0,2397762.2622168437,0.0,4874934.044193085,0.0,1284018.056922555
2025-04-13,0.0,1471540.8929174915,765404.8607764728,0.0,0.0,0.0,1515792.475583464,0.0,796570.6294083148,0.0,0.0,0.0,0.0,149930.77798177302,0.0,2397762.2622168437,0.0,4874934.044193085,0.0,1267973.056922555
2025-04-14,0.0,1449659.0012542587,757322.5226157727,0.0,0.0,0.0,1493374.1809265614,0.0,790961.5559210479,0.0,0.0,0.0,0.0,148597.96431187168,0.0,2313605.273491838,0.0,4551177.090327865,0.0,1719165.4111507833
2025-04-15,0.0,1443635.335600323,769002.2571396455,0.0,0.0,0.0,1513349.1084121987,0.0,786323.8989256192,0.0,0.0,0.0,0.0,145637.64909711387,0.0,2341422.769316733,0.0,4356839.039069235,0.0,1851606.9424391314
2025-04-16,0.0,1450109.1603335626,766879.8421118371,0.0,0.0,0.0,1491339.828789264,0.0,783955.6012049541,0.0,0.0,0.0,0.0,146417.4341806434,0.0,2351969.536165707,0.0,4374743.984933579,0.0,1826355.6122804526
2025-04-17,0.0,1440067.957464438,764953.5890424512,0.0,0.0,0.0,1472851.3409833163,0.0,769224.2998827472,0.0,0.0,0.0,0.0,144574.52375850827,0.0,2432939.6591723245,0.0,4604237.897414481,0.0,1546875.7322817333
2025-04-18,0.0,1440067.957464438,764953.5890424512,0.0,0.0,0.0,1472851.3409833163,0.0,769224.2998827472,0.0,0.0,0.0,0.0,144574.52375850827,0.0,2432939.6591723245,0.0,4604237.897414481,0.0,1530830.7322817333
2025-04-19,0.0,1440067.957464438,764953.5890424512,0.0,0.0,0.0,1472851.3409833163,0.0,769224.2998827472,0.0,0.0,0.0,0.0,144574.52375850827,0.0,2432939.6591723245,0.0,4604237.897414481,0.0,1514784.7322817333
2025-04-20,0.0,1440067.957464438,764953.5890424512,0.0,0.0,0.0,1472851.3409833163,0.0,769224.2998827472,0.0,0.0,0.0,0.0,144574.52375850827,0.0,2432939.6591723245,0.0,4604237.897414481,0.0,1498738.7322817333
2025-04-21,0.0,1396820.823651608,737744.2604075298,0.0,0.0,0.0,1389123.8592877686,0.0,734679.0308642909,0.0,0.0,0.0,0.0,141809.8094543442,0.0,2356525.119575374,0.0,4465855.657829335,0.0,1888983.4389297497
2025-04-22,0.0,1453555.7852537837,759948.059455643,0.0,0.0,0.0,1448144.5681625046,0.0,752316.9018924236,0.0,0.0,0.0,0.0,146230.35916329827,0.0,2411987.826025521,0.0,4568938.008372439,0.0,1559481.4916743878
2025-04-23,0.0,1454388.5679717828,779936.041460596,0.0,0.0,0.0,1521615.761860907,0.0,771473.5134712234,0.0,0.0,0.0,0.0,148816.2645758316,0.0,2456734.4222255284,0.0,4627242.825761531,0.0,1334902.6026725993
2025-04-24,0.0,1445136.4215897378,775617.702951354,0.0,0.0,0.0,1606234.2737317532,0.0,806530.0515813567,0.0,0.0,0.0,0.0,149654.56138382293,0.0,2495234.407568737,0.0,4883879.466887889,0.0,916777.1143053491
2025-04-25,0.0,1426456.3120467104,764761.6356336884,0.0,0.0,0.0,1701127.9252434075,0.0,791105.2704516202,0.0,0.0,0.0,0.0,150569.84654541686,38164.344646667596,2447709.7783637233,0.0,4938354.690039512,0.0,804768.1970292535
2025-04-26,0.0,1426456.3120467104,764761.6356336884,0.0,0.0,0.0,1701127.9252434075,0.0,791105.2704516202,0.0,0.0,0.0,0.0,150569.84654541686,38164.344646667596,2447709.7783637233,0.0,4938354.690039512,0.0,788722.1970292535
2025-04-27,0.0,1426456.3120467104,764761.6356336884,0.0,0.0,0.0,1701127.9252434075,0.0,791105.2704516202,0.0,0.0,0.0,0.0,150569.84654541686,38164.344646667596,2447709.7783637233,0.0,4938354.690039512,0.0,772676.1970292535
2025-04-28,0.0,1441801.466307275,775264.8401395795,0.0,0.0,0.0,1696775.827917762,0.0,796262.1865616385,0.0,0.0,0.0,0.0,150486.9583491683,39664.426051072776,2448680.1468452183,0.0,4994969.935124265,0.0,670975.2127040215
2025-04-29,0.0,1459270.4805220459,772896.9041152601,0.0,0.0,0.0,1708523.7679120079,0.0,805930.1577332988,0.0,0.0,0.0,0.0,152260.04878376238,40085.04871857539,2435146.9981193007,0.0,5131691.40375058,0.0,493030.19034517
2025-04-30,0.0,1427553.515697864,752833.9299488598,0.0,0.0,0.0,1702950.4185967483,0.0,801224.5372547563,0.0,0.0,0.0,0.0,148113.93719425332,38251.74717778992,2385733.4149561124,0.0,4920399.5687985495,0.0,805727.9303750657
2025-05-01,0.0,1404344.2588233948,749869.9268817902,0.0,0.0,0.0,1781492.5185012817,0.0,835348.7281036377,0.0,0.0,0.0,0.0,148837.11005210876,37525.00043476559,2253768.757390976,0.0,5054525.918030739,0.0,714300.7817813065
2025-05-02,0.0,1459898.556156951,801656.6653751992,0.0,0.0,0.0,1856044.9124006107,0.0,857559.4328018613,0.0,0.0,0.0,0.0,151525.5661066193,37956.410558540374,2370789.6049391944,0.0,5247515.044561688,0.0,194291.8070993349
2025-05-03,0.0,1459898.556156951,801656.6653751992,0.0,0.0,0.0,1856044.9124006107,0.0,857559.4328018613,0.0,0.0,0.0,0.0,151525.5661066193,37956.410558540374,2370789.6049391944,0.0,5247515.044561688,0.0,191515.8070993349
2025-05-04,0.0,1459898.556156951,801656.6653751992,0.0,0.0,0.0,1856044.9124006107,0.0,857559.4328018613,0.0,0.0,0.0,0.0,151525.5661066193,37956.410558540374,2370789.6049391944,0.0,5247515.044561688,0.0,188739.8070993349
2025-05-05,0.0,1424611.83503888,798562.5464036642,0.0,0.0,0.0,1822583.501864478,0.0,833666.5034013502,0.0,0.0,0.0,0.0,144471.41282867454,37201.54427744448,2310498.7612842,0.0,5051357.820097271,0.0,545957.0748040378
2025-05-06,0.0,1405980.5050048828,773441.7249042359,0.0,0.0,0.0,1764625.76934563,0.0,810819.6196404062,0.0,0.0,0.0,0.0,138464.26432839688,36804.65634986758,2284380.9094017954,0.0,5252635.90607064,0.0,498981.64495414495
2025-05-07,0.0,1401701.8011339605,706639.740445517,0.0,0.0,0.0,1778265.8593567014,0.0,800273.3554462641,0.0,0.0,0.0,141479.01420266926,138477.40012888238,38597.34129410237,2200556.6331035364,0.0,5149682.317518052,0.0,607685.5373703148
2025-05-08,0.0,1453405.169506371,700191.0232242197,0.0,0.0,0.0,1836629.2326919734,0.0,831954.0709890425,0.0,0.0,0.0,143796.57286182046,145326.03149451315,39505.471682314295,2209768.511303235,0.0,5459701.375915203,0.0,140306.5403313078
2025-05-09,0.0,1459919.7577487333,706547.5862607043,0.0,0.0,0.0,1827309.8733119667,0.0,831993.693041347,0.0,0.0,0.0,146580.74727575015,143762.89374656882,39088.97883379692,2222103.7729622633,0.0,5528010.3431135155,0.0,52490.353705354035
2025-05-10,0.0,1459919.7577487333,706547.5862607043,0.0,0.0,0.0,1827309.8733119667,0.0,831993.693041347,0.0,0.0,0.0,146580.74727575015,143762.89374656882,39088.97883379692,2222103.7729622633,0.0,5528010.3431135155,0.0,49714.353705354035
2025-05-11,0.0,1459919.7577487333,706547.5862607043,0.0,0.0,0.0,1827309.8733119667,0.0,831993.693041347,0.0,0.0,0.0,146580.74727575015,143762.89374656882,39088.97883379692,2222103.7729622633,0.0,5528010.3431135155,0.0,46939.353705354035
2025-05-12,142656.14231555955,0.0,698518.6550513804,0.0,0.0,0.0,1886918.2226031236,0.0,1523854.0115051689,0.0,0.0,0.0,146641.8375970465,144830.0442231372,37548.56681672204,2254159.098417368,0.0,5674086.992240965,0.0,440269.4292295277
2025-05-13,140753.3789702109,0.0,730014.7532845996,0.0,0.0,0.0,1971797.140712075,0.0,1598860.8947528992,0.0,0.0,0.0,150798.09081028216,148840.96989950538,38030.13998396229,2391698.643726348,0.0,5710495.203279764,0.0,65417.78458035365
2025-05-14,137847.5951385498,0.0,741144.3141174316,0.0,0.0,0.0,1981418.5920410156,0.0,1606908.8682861328,0.0,0.0,0.0,152022.1983947754,145146.92486572266,38956.04661350837,2341708.6766052246,0.0,5723825.897369385,0.0,74952.88656825386
2025-05-15,135103.68114978774,0.0,735375.6097688517,0.0,0.0,0.0,1951847.5104584321,0.0,1578687.839593023,0.0,0.0,0.0,153286.993618418,149677.2693733396,38916.782211343525,2303290.989859274,0.0,6135507.994815096,0.0,8755655.329152435
2025-05-16,137536.62465329748,0.0,735791.6066010855,0.0,0.0,0.0,1975427.2785717398,0.0,1593496.978175953,0.0,0.0,0.0,153051.99952761456,148718.68157869577,98602.05353003228,2372273.9321599994,0.0,6078937.054357007,0.0,8640737.790844575
2025-05-17,137536.62465329748,0.0,735791.6066010855,0.0,0.0,0.0,1975427.2785717398,0.0,1593496.978175953,0.0,0.0,0.0,153051.99952761456,148718.68157869577,98602.05353003228,2372273.9321599994,0.0,6078937.054357007,0.0,8637961.790844575
2025-05-18,137536.62465329748,0.0,735791.6066010855,0.0,0.0,0.0,1975427.2785717398,0.0,1593496.978175953,0.0,0.0,0.0,153051.99952761456,148718.68157869577,98602.05353003228,2372273.9321599994,0.0,6078937.054357007,0.0,8635186.790844575
2025-05-19,141141.22772632982,0.0,724454.7924449332,0.0,0.0,0.0,1969750.0898024105,0.0,2197067.935425318,0.0,0.0,0.0,1372745.734992487,149665.09585922118,99185.67901505157,3608001.4775378276,0.0,6865070.297141841,0.0,4799164.670054577
2025-05-20,141909.81869806303,0.0,723133.8016760917,0.0,0.0,0.0,1965946.4747184142,0.0,2166010.791711146,0.0,0.0,0.0,1359729.1231997358,146576.68517639302,133325.79719092185,3610958.323312808,0.0,6895317.528294576,0.0,4780562.656021848
2025-05-21,140108.64187928382,0.0,706736.3668631073,0.0,0.0,0.0,1941320.8284206092,0.0,2173990.4336914234,0.0,0.0,0.0,1344991.0343112163,146797.2272917144,138398.3338390994,3598568.157380618,0.0,6695312.539864352,0.0,5034472.4364585765
2025-05-22,138485.0854752655,0.0,689351.2489997577,0.0,0.0,0.0,1902628.4979748093,0.0,2151115.412782808,0.0,0.0,0.0,1321766.560891279,142277.31407077238,135281.27721311536,3316660.817193241,0.0,6713833.904820764,0.0,5406519.880578188
2025-05-23,141034.81103719329,0.0,697332.4410676737,0.0,0.0,0.0,1951310.057667978,0.0,2123107.839950393,0.0,0.0,0.0,1339738.2968117804,139795.79476295784,135549.24050556333,3370439.3018975677,0.0,6867966.897113493,0.0,5148869.3191854
2025-05-24,141034.81103719329,0.0,697332.4410676737,0.0,0.0,0.0,1951310.057667978,0.0,2123107.839950393,0.0,0.0,0.0,1339738.2968117804,139795.79476295784,135549.24050556333,3370439.3018975677,0.0,6867966.897113493,0.0,5146094.3191854
2025-05-25,141034.81103719329,0.0,697332.4410676737,0.0,0.0,0.0,1951310.057667978,0.0,2123107.839950393,0.0,0.0,0.0,1339738.2968117804,139795.79476295784,135549.24050556333,3370439.3018975677,0.0,6867966.897113493,0.0,5143318.3191854
2025-05-26,139338.93152646255,0.0,688947.335360242,0.0,0.0,0.0,1927846.4409796894,0.0,2097578.433002103,0.0,0.0,0.0,1323628.5526245441,138114.81385986507,135699.98602656554,3453241.3491414636,0.0,7000791.691380404,0.0,5001629.466098659
2025-05-27,136057.5383969117,0.0,689153.0574833974,0.0,0.0,0.0,1989580.9330623597,0.0,2156848.4087189427,0.0,0.0,0.0,1350375.6116306875,142412.53563305363,135310.63540344033,3690311.1957513727,0.0,7350664.684484247,0.0,4263328.399435587
2025-05-28,134111.7463365174,0.0,688019.4669073764,0.0,0.0,0.0,1964396.3580742031,0.0,2140851.6590434313,0.0,0.0,0.0,1347694.3972108243,140686.22840366885,131744.6087558521,3583952.0579169765,0.0,7333045.762275383,0.0,4436764.7150757685
2025-05-29,135780.36073059076,0.0,697028.907169878,0.0,0.0,0.0,1970541.6754252464,0.0,2120468.815369117,0.0,0.0,0.0,1347232.5821825154,158195.0648945747,127951.52416772617,3553963.3649332263,0.0,7353430.163796386,0.0,4433898.54133074
2025-05-30,135944.67643616488,0.0,699305.2620375445,0.0,0.0,0.0,1963502.067587234,0.0,2109387.219679537,0.0,0.0,0.0,1338402.3467240436,157121.89332188666,128699.13686923683,3479864.325242657,0.0,7074467.556341579,0.0,4809021.515760116
2025-05-31,135944.67643616488,0.0,699305.2620375445,0.0,0.0,0.0,1963502.067587234,0.0,2109387.219679537,0.0,0.0,0.0,1338402.3467240436,157121.89332188666,128699.13686923683,3479864.325242657,0.0,7074467.556341579,0.0,4806245.515760116
2025-06-01,135944.67643616488,0.0,699305.2620375445,0.0,0.0,0.0,1963502.067587234,0.0,2109387.219679537,0.0,0.0,0.0,1338402.3467240436,157121.89332188666,128699.13686923683,3479864.325242657,0.0,7074467.556341579,0.0,4841948.515760116
2025-06-02,141170.27961119078,0.0,702186.4074582634,0.0,0.0,0.0,1975332.0071060658,0.0,2113344.8668221943,0.0,0.0,0.0,1364804.3523581112,158203.1860421151,124707.4887133122,3482244.858575307,0.0,7233058.909337511,0.0,4669293.643975928
2025-06-03,140771.94920622278,0.0,693148.4275218542,0.0,0.0,0.0,2048088.0750163458,0.0,2205477.649910236,0.0,0.0,0.0,1350370.7387410174,162977.13991833385,122026.32655209512,3541134.0033829585,0.0,7643930.862752185,0.0,4092122.8269987516
2025-06-04,140045.2344964142,0.0,686432.9826588789,0.0,0.0,0.0,2058180.060292147,0.0,2183362.724887859,0.0,0.0,0.0,1327629.6980808433,165874.3647576347,122580.26745636156,3645444.9822913036,0.0,7540261.126367804,0.0,4165939.558710754
2025-06-05,135700.67322678748,0.0,680533.0253975247,0.0,0.0,0.0,2035375.33884402,0.0,2167403.941977569,0.0,0.0,0.0,1313727.6030526143,162739.78428409807,119939.13259077037,3542888.146548886,0.0,7472247.722359453,0.0,4440898.631718278
2025-06-06,139586.38666549698,0.0,686166.7548663085,0.0,0.0,0.0,2071819.0645932332,0.0,2153338.201849954,0.0,0.0,0.0,1321503.8362315195,162333.4686561264,118034.87660575192,3590191.7479781806,0.0,7647654.174417574,0.0,4216528.488135856
2025-06-07,139586.38666549698,0.0,686166.7548663085,0.0,0.0,0.0,2071819.0645932332,0.0,2153338.201849954,0.0,0.0,0.0,1321503.8362315195,162333.4686561264,118034.87660575192,3590191.7479781806,0.0,7647654.174417574,0.0,4252231.488135856
2025-06-08,139586.38666549698,0.0,686166.7548663085,0.0,0.0,0.0,2071819.0645932332,0.0,2153338.201849954,0.0,0.0,0.0,1321503.8362315195,162333.4686561264,118034.87660575192,3590191.7479781806,0.0,7647654.174417574,0.0,4287934.488135856
2025-06-09,141831.47608913016,0.0,681072.0704134274,0.0,0.0,0.0,2041492.797758326,0.0,2089267.3618816584,0.0,0.0,0.0,1300584.280588355,163697.24154198542,166452.4784743006,3664758.437160641,0.0,8041375.1537656225,0.0,3923733.702326555
2025-06-10,141206.55658523552,0.0,679879.4178952547,0.0,0.0,0.0,1978227.421714805,0.0,2032803.6931892764,0.0,0.0,0.0,1276464.9595871698,160761.1734590158,174307.78523241053,3594387.4414031915,0.0,8375863.670813064,0.0,3836065.8801205754
2025-06-11,149140.2842570038,0.0,677744.4575211429,0.0,0.0,0.0,2029618.1467645057,0.0,2031523.210509424,0.0,0.0,0.0,1287340.1998764323,162127.7705227537,175288.44685180113,3669784.3289035372,0.0,8533660.991932802,0.0,3419443.1628605984
2025-06-12,147494.51627672184,0.0,708566.4006079081,0.0,0.0,0.0,2050928.4120985419,0.0,2038923.33984185,0.0,0.0,0.0,1296150.7156603318,161125.57300525904,173733.7148108706,3589960.1997487396,0.0,8560964.183422476,0.0,3443526.944527302
2025-06-13,140445.64996012487,0.0,684346.9327242114,0.0,0.0,0.0,1992555.540985465,0.0,1977990.7285356894,0.0,0.0,0.0,1283166.4924209192,155533.128625378,167773.64051510696,3528557.206108868,0.0,8468312.452545203,0.0,3808395.227579035
2025-06-14,140445.64996012487,0.0,684346.9327242114,0.0,0.0,0.0,1992555.540985465,0.0,1977990.7285356894,0.0,0.0,0.0,1283166.4924209192,155533.128625378,167773.64051510696,3528557.206108868,0.0,8468312.452545203,0.0,3844098.227579035
2025-06-15,140445.64996012487,0.0,684346.9327242114,0.0,0.0,0.0,1992555.540985465,0.0,1977990.7285356894,0.0,0.0,0.0,1283166.4924209192,155533.128625378,167773.64051510696,3528557.206108868,0.0,8468312.452545203,0.0,3879800.227579035
2025-06-16,139244.27889034268,0.0,700504.3790803053,0.0,0.0,0.0,2048712.005080942,0.0,2051800.0677776523,0.0,0.0,0.0,1290659.2442278792,158248.32989737112,172742.87942867493,3573260.570743479,0.0,8429739.590454102,0.0,3749273.654419251
2025-06-17,128242.31962347403,0.0,675605.6863449207,0.0,0.0,0.0,2015130.2444333062,0.0,2049481.8968554214,0.0,0.0,0.0,1277346.0237802193,155942.77461157925,174410.69726266433,3544892.746892348,0.0,8310157.214510627,0.0,4018678.395685442
2025-06-18,125142.31920719147,0.0,691145.3154220581,0.0,0.0,0.0,2063946.1251983643,0.0,2043047.3677253723,0.0,0.0,0.0,1301591.6892471313,159837.4585609436,175505.85379899712,3625806.068725586,0.0,9742878.592014313,0.0,2456690.2101000436
2025-06-19,124258.4817481041,0.0,686263.9921150208,0.0,0.0,0.0,2049369.178642273,0.0,2028618.02195549,0.0,0.0,0.0,1292398.991695404,158708.58118247986,176469.9339380185,3600198.2388305664,0.0,9674067.968130112,0.0,2630941.611762531
2025-06-20,121952.74272587965,0.0,662731.1725964183,0.0,0.0,0.0,2059678.0537326783,0.0,1959178.4629241517,0.0,0.0,0.0,1314892.4114189898,158615.98781031277,173470.31866956968,3316870.4257388897,0.0,9589857.852172852,0.0,3099750.5722102597
2025-06-21,121952.74272587965,0.0,662731.1725964183,0.0,0.0,0.0,2059678.0537326783,0.0,1959178.4629241517,0.0,0.0,0.0,1314892.4114189898,158615.98781031277,173470.31866956968,3316870.4257388897,0.0,9589857.852172852,0.0,3135452.5722102597
2025-06-22,121952.74272587965,0.0,662731.1725964183,0.0,0.0,0.0,2059678.0537326783,0.0,1959178.4629241517,0.0,0.0,0.0,1314892.4114189898,158615.98781031277,173470.31866956968,3316870.4257388897,0.0,9589857.852172852,0.0,3171155.5722102597
2025-06-23,122362.1476288489,0.0,675421.2845672658,0.0,0.0,0.0,2063703.1464020312,0.0,2001497.309206333,0.0,0.0,0.0,1308284.6953955367,161395.1997704096,169848.9797457063,3379541.617155075,0.0,9206946.55034775,0.0,3475105.0697810426
2025-06-24,121553.1423682021,0.0,693192.5795092508,0.0,0.0,0.0,2094547.253178835,0.0,2019251.2035912462,0.0,0.0,0.0,1310298.4959798194,163165.12654960155,171550.71929221158,3242256.7184660733,0.0,9160408.077070769,0.0,3623585.6839939915
2025-06-25,119132.64516025549,0.0,686963.1019240748,0.0,0.0,0.0,0.0,0.0,2007558.375156736,0.0,0.0,0.0,1299631.818232105,161973.0173891969,168708.61020162702,3110890.410755977,0.0,9725556.060981452,0.0,5355097.960198574
2025-06-26,124846.76010698313,0.0,704370.6442947686,0.0,0.0,0.0,0.0,0.0,2039204.3722435366,0.0,0.0,0.0,1335214.7559154825,163195.1814707555,169105.57116022334,3197208.386446908,0.0,10764233.563187392,0.0,4173835.7651739493
2025-06-27,122830.60785464477,0.0,712824.4465262163,0.0,0.0,0.0,0.0,0.0,1998347.6229603868,0.0,0.0,0.0,1328902.9488222208,163030.02878586762,167848.4498088644,3299760.393686816,0.0,10764858.645526553,0.0,4148513.85602843
2025-06-28,122830.60785464477,0.0,712824.4465262163,0.0,0.0,0.0,0.0,0.0,1998347.6229603868,0.0,0.0,0.0,1328902.9488222208,163030.02878586762,167848.4498088644,3299760.393686816,0.0,10764858.645526553,0.0,4184216.85602843
2025-06-29,122830.60785464477,0.0,712824.4465262163,0.0,0.0,0.0,0.0,0.0,1998347.6229603868,0.0,0.0,0.0,1328902.9488222208,163030.02878586762,167848.4498088644,3299760.393686816,0.0,10764858.645526553,0.0,4219919.85602843
2025-06-30,124154.86014591996,0.0,717634.9214990223,0.0,0.0,0.0,0.0,0.0,2038034.502621456,0.0,0.0,0.0,1343796.844500116,161499.052609968,169606.57670729328,3491496.201678168,0.0,10693409.11855958,0.0,5474393.921678476
2025-07-01,120555.89434146881,0.0,691670.2203712463,0.0,0.0,0.0,0.0,0.0,2065161.05134964,0.0,0.0,0.0,1274927.0933132172,161635.12035369873,163200.44643383706,3344367.203109741,0.0,10934986.674900055,0.0,5561641.295827098
2025-07-02,122952.00576297008,0.0,701544.1647417289,0.0,0.0,0.0,0.0,0.0,2079470.2707809117,0.0,0.0,0.0,1286565.0182139664,165250.7626808444,163675.48331737053,3812584.5335501134,0.0,11643975.86826928,0.0,4446246.892682813
2025-07-03,123824.15465116501,0.0,711201.5587654114,0.0,0.0,0.0,731919.1500396729,0.0,2126266.285200119,0.0,0.0,0.0,1275904.5153751373,165846.0945854187,162781.84544555144,811123.7356109619,0.0,11731864.19883728,0.0,6685652.461489283
2025-07-04,148846.73091334524,0.0,712435.222762296,0.0,0.0,0.0,733188.7511715963,0.0,2129954.547875463,0.0,0.0,0.0,1278117.7240565317,166133.77443284355,163040.90965275303,812530.7265508845,0.0,13058016.130749509,0.0,5428239.481834777
2025-07-05,148846.73091334524,0.0,712435.222762296,0.0,0.0,0.0,733188.7511715963,0.0,2129954.547875463,0.0,0.0,0.0,1278117.7240565317,166133.77443284355,163040.90965275303,812530.7265508845,0.0,13058016.130749509,0.0,5532358.481834777
2025-07-06,148846.73091334524,0.0,712435.222762296,0.0,0.0,0.0,733188.7511715963,0.0,2129954.547875463,0.0,0.0,0.0,1278117.7240565317,166133.77443284355,163040.90965275303,812530.7265508845,0.0,13058016.130749509,0.0,5636478.481834777
2025-07-07,146136.80390249658,0.0,712724.9130395288,0.0,0.0,0.0,736624.2566034794,0.0,2079613.8960371912,0.0,0.0,0.0,1270878.1795185506,159256.69276250526,166304.64713883237,802048.286689382,0.0,13134331.679772958,0.0,5734942.644535076
2025-07-08,146894.0275605102,0.0,721643.1970173661,0.0,0.0,0.0,724049.5931306556,0.0,2099223.241455434,0.0,0.0,0.0,1263897.4557614336,161527.97308540996,168341.50642645545,805752.2209849376,0.0,14249518.895253912,0.0,4706133.8893238865
2025-07-09,150787.81862759404,0.0,727471.2111668512,0.0,0.0,0.0,732164.0957426429,0.0,2146978.070674762,0.0,0.0,0.0,1251355.6585866474,162361.62257851847,160802.0866468537,803864.5188877657,0.0,14834182.959043114,0.0,4181132.9580452517
2025-07-10,152155.8543434143,0.0,724993.8355674744,0.0,0.0,0.0,731892.8012695312,0.0,2097129.8078155518,0.0,0.0,0.0,1245253.0776100159,161743.22762298584,175433.01325390814,841446.9760894775,0.0,15290139.548034668,0.0,3835032.8583929725
2025-07-11,152445.40191188967,0.0,726909.0245005377,0.0,0.0,0.0,739555.6351677254,0.0,2101719.195243912,0.0,0.0,0.0,1245640.4014083669,156534.66419979185,171092.51710483106,870477.8789086416,0.0,15165064.321773928,138362.1176655274,3891538.842114851
2025-07-12,152445.40191188967,0.0,726909.0245005377,0.0,0.0,0.0,739555.6351677254,0.0,2101719.195243912,0.0,0.0,0.0,1245640.4014083669,156534.66419979185,171092.51710483106,870477.8789086416,0.0,15165064.321773928,138362.1176655274,3995658.842114851
2025-07-13,152445.40191188967,0.0,726909.0245005377,0.0,0.0,0.0,739555.6351677254,0.0,2101719.195243912,0.0,0.0,0.0,1245640.4014083669,156534.66419979185,171092.51710483106,870477.8789086416,0.0,15165064.321773928,138362.1176655274,4099777.842114851
2025-07-14,154465.30104889534,0.0,719872.8204918383,0.0,0.0,0.0,747283.5177914277,0.0,2090785.4856715724,0.0,0.0,0.0,1285060.8055388192,158530.28862571903,173112.73507449194,838015.7304131258,0.0,14580763.740061946,139388.11740346067,4784420.457878701
2025-07-15,149091.23605771177,0.0,699168.4979015039,0.0,0.0,0.0,743941.6229167879,0.0,2085434.5685608126,0.0,0.0,0.0,1260611.798840275,158314.98671760038,168291.1189948069,834394.1738383882,0.0,14794693.51014981,141020.30266175233,4740856.183360547
2025-07-16,147157.80226004776,0.0,721463.8550338466,0.0,0.0,0.0,756868.4780137241,0.0,2116842.737676082,0.0,0.0,0.0,1266103.7217577435,159043.31138373725,164897.35536593362,822799.8894208409,0.0,14706462.741174,141306.97648477182,4876991.131429274
2025-07-17,146164.46270592045,0.0,734929.3307322194,0.0,0.0,0.0,761385.8290328085,0.0,2160551.1859933147,0.0,0.0,0.0,1271188.5676310817,157605.85995617788,168006.91642852966,873457.1066630725,0.0,15419671.732137019,139821.52636878658,4151274.4823510684
2025-07-18,139686.79216668103,0.0,733280.2602166822,0.0,0.0,0.0,770161.4501355216,0.0,2183862.0619049203,0.0,0.0,0.0,1301183.2100400422,156268.78511425294,160371.7297719419,875491.6692421138,0.0,15340638.375226865,138044.72739386,4289187.938787118
2025-07-19,139686.79216668103,0.0,733280.2602166822,0.0,0.0,0.0,770161.4501355216,0.0,2183862.0619049203,0.0,0.0,0.0,1301183.2100400422,156268.78511425294,160371.7297719419,875491.6692421138,0.0,15340638.375226865,138044.72739386,4393306.938787118
2025-07-20,139686.79216668103,0.0,733280.2602166822,0.0,0.0,0.0,770161.4501355216,0.0,2183862.0619049203,0.0,0.0,0.0,1301183.2100400422,156268.78511425294,160371.7297719419,875491.6692421138,0.0,15340638.375226865,138044.72739386,4497426.938787118
2025-07-21,142922.7720775134,0.0,729091.9106404614,0.0,0.0,0.0,756784.5925427824,0.0,2201852.7501593856,0.0,0.0,0.0,1245278.636978434,154778.0991129242,160261.80271635996,905322.2077202629,0.0,15361486.749241836,138167.0307120178,4604588.448098026
2025-07-22,141360.17417990137,0.0,727229.0597154545,0.0,0.0,0.0,734344.9495946541,0.0,2223385.0551006524,0.0,0.0,0.0,1234568.6513054324,154105.26824642345,161378.77269416233,992268.0861146674,0.0,15674812.645734074,138955.81042524427,4322246.526889335
2025-07-23,142393.30533956923,0.0,725248.4569321014,0.0,0.0,0.0,754991.0580680817,0.0,2233947.419327488,0.0,0.0,0.0,1232382.4475274263,155790.99974147417,165028.0926238373,976927.3999218754,0.0,16391097.342268992,142034.5595844239,3688932.918664731
2025-07-24,142674.55175535288,0.0,707615.9202467371,0.0,0.0,0.0,772143.8984179944,0.0,2211174.8148531932,145834.11712055653,0.0,0.0,1236380.0444268063,154018.27980886959,170297.84949876135,953887.8512638025,0.0,16372818.74640027,140476.60713868402,3705571.3190689683
2025-07-25,148258.32188415527,0.0,721459.7656097412,0.0,0.0,0.0,943696.16796875,0.0,2208611.6789245605,141590.39581298828,0.0,0.0,1234109.0802612305,153064.4617919922,167686.70409956365,936596.3778076172,0.0,16374408.207397461,140876.96041870117,3646654.878023237
2025-07-26,148258.32188415527,0.0,721459.7656097412,0.0,0.0,0.0,943696.16796875,0.0,2208611.6789245605,141590.39581298828,0.0,0.0,1234109.0802612305,153064.4617919922,167686.70409956365,936596.3778076172,0.0,16374408.207397461,140876.96041870117,3750774.878023237
2025-07-27,148258.32188415527,0.0,721459.7656097412,0.0,0.0,0.0,943696.16796875,0.0,2208611.6789245605,141590.39581298828,0.0,0.0,1234109.0802612305,153064.4617919922,167686.70409956365,936596.3778076172,0.0,16374408.207397461,140876.96041870117,590179.878023237
2025-07-28,149340.2431640625,0.0,706526.4195069429,0.0,0.0,132663.91114465875,956952.2272097021,0.0,2248330.4142818134,141928.5413630493,0.0,0.0,1229232.77874952,156431.03137780167,163075.8440000075,870286.3791558668,0.0,16833825.89571515,141403.08874983527,134661.22558158636
2025-07-29,152101.05858621374,0.0,711775.1072117202,0.0,0.0,116685.77506905119,953417.2509176135,0.0,2338998.518685177,145825.9869741425,0.0,0.0,1242177.961938668,158951.87993845344,162787.1249588509,880236.3640146106,0.0,16782761.062719785,144520.99094804376,178537.91803766787
2025-07-30,154913.44403765257,0.0,711458.7117947312,0.0,0.0,117872.54315541443,975030.0626728088,0.0,2319159.086439726,138108.24033413082,0.0,0.0,1254397.5607578638,160585.30399751477,163199.15095453383,842853.0445258766,0.0,16268967.079894347,144496.99414751586,821855.7772878855
2025-07-31,156240.75256585702,0.0,727673.515656665,0.0,0.0,105051.71217913268,978058.4998167157,0.0,2076685.7838452607,139252.001953125,0.0,0.0,1346491.0135466047,160925.74015415087,160820.4245995893,856577.53169927,0.0,16017182.483075615,142371.2438221313,1309685.297085885
2025-08-01,161387.33029563446,0.0,710377.1451960783,0.0,0.0,119809.00639992615,966231.7164447159,0.0,2063509.2214134056,139151.0009765625,0.0,0.0,1358712.9738786025,182391.70316280797,156128.4115450736,857788.7824117206,0.0,15211847.885074094,141961.84652508236,2222811.9766763
2025-08-02,161387.33029563446,0.0,710377.1451960783,0.0,0.0,119809.00639992615,966231.7164447159,0.0,2063509.2214134056,139151.0009765625,0.0,0.0,1358712.9738786025,182391.70316280797,156128.4115450736,857788.7824117206,0.0,15211847.885074094,141961.84652508236,2337904.9766763
2025-08-03,161387.33029563446,0.0,710377.1451960783,0.0,0.0,119809.00639992615,966231.7164447159,0.0,2063509.2214134056,139151.0009765625,0.0,0.0,1358712.9738786025,182391.70316280797,156128.4115450736,857788.7824117206,0.0,15211847.885074094,141961.84652508236,2452997.9766763
2025-08-04,166070.90794356074,0.0,714876.2922360189,0.0,0.0,140213.56239156274,0.0,0.0,2301571.032502502,145134.7997286683,0.0,0.0,1366937.3975951923,194664.47179076262,159712.58822956122,877107.4365789257,0.0,16318489.491570555,141186.68286088854,3511424.3365718015
2025-08-05,157397.18691143207,0.0,711487.4523629509,0.0,0.0,142952.51418656943,0.0,0.0,2358292.9531551898,171011.71766419988,0.0,0.0,1348792.2854984533,190672.06534982845,158996.36712662876,897299.3455016054,0.0,21157829.62570756,138884.75696889963,0.0
2025-08-06,154243.16192823462,0.0,738848.2252063463,0.0,0.0,108014.57722125582,0.0,0.0,2362724.7976662517,165724.03169299942,0.0,0.0,1364858.7566230176,193144.07559035532,158725.68347782013,910526.5997102056,0.0,22229095.168476745,138685.722549933,0.0
2025-08-07,139131.19647216797,0.0,726155.0538408579,0.0,0.0,105005.98396434762,0.0,0.0,2351474.1472067386,161032.24608142395,0.0,0.0,1346654.1540010027,189136.92022607848,162389.7080586478,989141.4266857356,0.0,20473467.433091708,129163.59259152226,0.0
2025-08-08,137278.22730002739,0.0,722210.8881439306,0.0,0.0,110728.35186537594,0.0,0.0,2481221.7166103125,160878.1168687865,0.0,0.0,1345758.874859143,191849.8924585916,352964.62011932395,1008317.5645684451,0.0,20672892.709751558,132043.03193492442,0.0
2025-08-09,137278.22730002739,0.0,722210.8881439306,0.0,0.0,110728.35186537594,0.0,0.0,2481221.7166103125,160878.1168687865,0.0,0.0,1345758.874859143,191849.8924585916,352964.62011932395,1008317.5645684451,0.0,20672892.709751558,132043.03193492442,0.0
2025-08-10,137278.22730002739,0.0,722210.8881439306,0.0,0.0,110728.35186537594,0.0,0.0,2481221.7166103125,160878.1168687865,0.0,0.0,1345758.874859143,191849.8924585916,352964.62011932395,1008317.5645684451,0.0,20672892.709751558,132043.03193492442,0.0
2025-08-11,136393.96557041444,0.0,736158.8596209977,0.0,0.0,131439.4873935578,0.0,0.0,2505375.61861217,173531.77099714056,0.0,0.0,1349980.973999044,192435.73837921023,351695.5858116131,1003397.5993345678,0.0,19787950.994511507,131453.37044410408,343237.0353256725
2025-08-12,139757.28823671117,0.0,740863.2751250267,0.0,0.0,140744.03888611007,0.0,0.0,2632165.9715890884,186565.4224780947,0.0,0.0,1337260.064201653,200969.28906351328,349539.29571819934,1063476.113145724,0.0,20051057.416076586,135004.20354627073,0.0
2025-08-13,142734.89080393966,0.0,735170.3272177665,0.0,0.0,137230.1907350684,0.0,0.0,2712934.851143703,179469.74636730365,0.0,0.0,1326440.6122690528,194520.9586947821,335449.8522750072,1058680.7441082895,0.0,20216903.087357655,142624.24107416067,391078.49795327336
2025-08-14,140387.37690260913,0.0,732577.2916106386,0.0,0.0,171851.14069511485,0.0,0.0,2677830.3193337023,668018.9084154507,0.0,0.0,0.0,191593.28346924484,336621.80114050163,1018026.0299792066,0.0,20017680.032043885,141959.19055409543,1591785.6258555502
2025-08-15,141479.4653962967,0.0,725243.6047284119,0.0,0.0,180381.46760671004,0.0,0.0,2600373.3322600424,691575.6439795531,0.0,0.0,0.0,193488.72130443528,341672.49422839587,997118.4550476875,0.0,20221821.30722003,142617.52366305236,1567651.9845653847
2025-08-16,141479.4653962967,0.0,725243.6047284119,0.0,0.0,180381.46760671004,0.0,0.0,2600373.3322600424,691575.6439795531,0.0,0.0,0.0,193488.72130443528,341672.49422839587,997118.4550476875,0.0,20221821.30722003,142617.52366305236,1682744.9845653847
2025-08-17,141479.4653962967,0.0,725243.6047284119,0.0,0.0,180381.46760671004,0.0,0.0,2600373.3322600424,691575.6439795531,0.0,0.0,0.0,193488.72130443528,341672.49422839587,997118.4550476875,0.0,20221821.30722003,142617.52366305236,1797837.9845653847
2025-08-18,146820.51534494944,0.0,730166.902900124,0.0,0.0,215109.13574491942,0.0,0.0,2627407.811587453,697459.9401855469,0.0,0.0,0.0,193228.45387487859,702216.6202416276,973236.7752010748,0.0,21118393.164023496,140158.223087091,604505.457808841
2025-08-19,145126.2704207017,0.0,732946.5904134046,0.0,0.0,205845.18076545966,0.0,0.0,2550054.865745187,697754.4572421117,0.0,0.0,0.0,192776.57967595942,714167.1788412156,961845.4933408778,0.0,20402556.791082658,141353.86814408563,1519368.724328339
2025-08-20,144421.08208309952,0.0,751749.3524629902,0.0,0.0,183684.70391966644,0.0,0.0,2499079.2612003386,698313.5097380681,0.0,0.0,0.0,192895.03232951276,720870.1593235263,962582.6412225589,0.0,20225352.491945133,137186.1185068665,1862755.6472682394
2025-08-21,143322.97270410927,0.0,768225.8411513558,0.0,0.0,206183.91558291327,0.0,0.0,2550366.5466774404,692308.6321230931,0.0,0.0,0.0,195636.67904069647,709139.8304597866,958063.0180667359,0.0,21047243.762082376,138126.4603429595,1085365.341768533
2025-08-22,149478.3400286408,0.0,0.0,0.0,0.0,287493.9002252219,0.0,0.0,2718371.3085463643,713801.0925292969,0.0,0.0,0.0,201934.44559680298,707445.1606685249,995150.2492810227,0.0,22135952.272641473,1434320.359972259,0.0
2025-08-23,149478.3400286408,0.0,0.0,0.0,0.0,287493.9002252219,0.0,0.0,2718371.3085463643,713801.0925292969,0.0,0.0,0.0,201934.44559680298,707445.1606685249,995150.2492810227,0.0,22135952.272641473,1434320.359972259,0.0
2025-08-24,149478.3400286408,0.0,0.0,0.0,0.0,287493.9002252219,0.0,0.0,2718371.3085463643,713801.0925292969,0.0,0.0,0.0,201934.44559680298,707445.1606685249,995150.2492810227,0.0,22135952.272641473,1434320.359972259,0.0
2025-08-25,141137.75679412996,0.0,0.0,0.0,0.0,257411.1451637844,0.0,0.0,2640808.096615672,755057.9796498874,0.0,0.0,0.0,196336.76782541908,707560.9327171817,996358.8562750351,0.0,21501173.673437953,1414696.5271878056,343813.26433313265
2025-08-26,142516.53818904888,0.0,0.0,0.0,0.0,267669.93354662857,0.0,0.0,2699415.465330988,768005.7847142033,0.0,0.0,0.0,200493.59258626774,704309.9030805007,990472.7603620067,0.0,21430819.82844742,1443500.7853079215,422243.40843501315
2025-08-27,144273.81994628906,0.0,0.0,0.0,0.0,229750.82986206154,0.0,0.0,2774215.983011067,783678.6529773334,0.0,0.0,0.0,204411.62762749568,705111.6365661621,985444.1504917927,0.0,22006567.11155638,1448592.7637338266,0.0
2025-08-28,145235.9629869461,0.0,0.0,0.0,0.0,243828.74141085148,0.0,0.0,2811228.3020324707,780497.1127510071,0.0,0.0,0.0,201940.27058029175,709919.5192108154,982592.1593055725,0.0,21755869.86305237,1449852.7287483215,218670.33992135525
2025-08-29,143369.5050408463,0.0,0.0,0.0,0.0,252585.59990981838,0.0,0.0,2786207.3255342543,773331.4799480676,0.0,0.0,0.0,199136.61841196567,709725.6181640625,1014714.4840212408,0.0,21668786.12959794,1440063.2710799854,426807.9682918191
2025-08-30,143369.5050408463,0.0,0.0,0.0,0.0,252585.59990981838,0.0,0.0,2786207.3255342543,773331.4799480676,0.0,0.0,0.0,199136.61841196567,709725.6181640625,1014714.4840212408,0.0,21668786.12959794,1440063.2710799854,541900.9682918191
2025-08-31,143369.5050408463,0.0,0.0,0.0,0.0,252585.59990981838,0.0,0.0,2786207.3255342543,773331.4799480676,0.0,0.0,0.0,199136.61841196567,709725.6181640625,1014714.4840212408,0.0,21668786.12959794,1440063.2710799854,656993.9682918191
2025-09-01,143828.268767633,0.0,0.0,0.0,0.0,253393.84090300777,0.0,0.0,2795122.825771898,775806.0398740531,0.0,0.0,0.0,199773.82963185757,720188.1853179932,1017961.4380940851,0.0,21738123.42051574,1444671.2858238537,498027.8652998805
2025-09-02,143751.40832949802,0.0,0.0,0.0,0.0,290692.6450864468,0.0,0.0,2741482.812802613,754276.9463896193,0.0,0.0,0.0,198109.3400842324,727507.3592319489,951833.4017963335,0.0,21277157.60498047,1467322.8832663596,976745.598032482
2025-09-03,141409.38936179364,0.0,0.0,0.0,0.0,0.0,0.0,0.0,2693202.775136605,718761.363085052,0.0,0.0,0.0,195502.76390680298,718396.4628009796,931046.142884966,0.0,20475355.308017805,1446168.9917428605,2151019.8030631356
2025-09-04,140950.17712036287,0.0,0.0,0.0,0.0,0.0,0.0,0.0,2687216.5296875685,768326.4424221497,0.0,0.0,0.0,199059.66367124766,735510.8085536957,918752.2153290957,0.0,20666577.70827011,1451885.475750519,2844566.979195252
2025-09-05,140904.32614043914,0.0,0.0,0.0,0.0,0.0,0.0,0.0,2737971.083179593,782198.5278067924,0.0,0.0,0.0,198993.13314762712,741222.3025875092,1013145.6693286747,0.0,20894542.901799493,1493402.0138664544,2352449.0421434194
2025-09-06,140904.32614043914,0.0,0.0,0.0,0.0,0.0,0.0,0.0,2737971.083179593,782198.5278067924,0.0,0.0,0.0,198993.13314762712,741222.3025875092,1013145.6693286747,0.0,20894542.901799493,1493402.0138664544,2294432.0421434194
2025-09-07,140904.32614043914,0.0,0.0,0.0,0.0,0.0,0.0,0.0,2737971.083179593,782198.5278067924,0.0,0.0,0.0,198993.13314762712,741222.3025875092,1013145.6693286747,0.0,20894542.901799493,1493402.0138664544,2236415.0421434194
2025-09-08,136500.44679634552,0.0,0.0,0.0,0.0,0.0,0.0,0.0,2715344.74077335,795144.159721504,0.0,0.0,0.0,197671.6196281314,742131.4786834717,964030.4484602138,0.0,21278939.722048156,1526000.7162993774,1825014.6675894484
2025-09-09,136271.69684428722,0.0,0.0,0.0,0.0,262469.2253862998,0.0,0.0,2729709.167176217,792354.6570464177,0.0,0.0,0.0,197811.6526843235,804532.4613418579,968329.6383422837,0.0,21011948.9498147,1507109.069738891,1712224.4816247225
2025-09-10,131178.36190509796,0.0,0.0,0.0,0.0,252007.84074175358,0.0,0.0,2758886.4944763184,1473925.3317375183,0.0,0.0,0.0,197010.8582649231,810689.4487094879,975884.7161521912,0.0,21641100.0,1495178.033065796,328882.9149469137
2025-09-11,134086.75236035138,0.0,0.0,0.0,0.0,452393.6677614739,0.0,0.0,1953826.447706651,1433546.2351820092,0.0,0.0,0.0,204578.6971203126,828803.5623779297,1477493.9974320866,0.0,21456377.130131815,1543398.6953076161,522221.8146197535
2025-09-12,134309.07508850098,0.0,0.0,0.0,0.0,390685.7018547058,0.0,0.0,1934469.3694953918,1397114.4116592407,0.0,0.0,0.0,196640.6041946411,828102.0954151154,1445962.27186203,0.0,21390796.369247437,1530117.4381637573,700512.6630191803
2025-09-13,134309.07508850098,0.0,0.0,0.0,0.0,390685.7018547058,0.0,0.0,1934469.3694953918,1397114.4116592407,0.0,0.0,0.0,196640.6041946411,828102.0954151154,1445962.27186203,0.0,21390796.369247437,1530117.4381637573,642495.6630191803
2025-09-14,134309.07508850098,0.0,0.0,0.0,0.0,390685.7018547058,0.0,0.0,1934469.3694953918,1397114.4116592407,0.0,0.0,0.0,196640.6041946411,828102.0954151154,1445962.27186203,0.0,21390796.369247437,1530117.4381637573,584478.6630191803
2025-09-15,127941.65711254114,0.0,0.0,0.0,0.0,0.0,0.0,0.0,1985646.763463784,1446618.6655875575,0.0,0.0,0.0,198175.94132658094,828015.1586723328,1559101.6460629273,0.0,21245283.702718187,1515509.2971316539,44673.16792443767
2025-09-16,130384.83883229597,0.0,0.0,0.0,0.0,0.0,0.0,0.0,1963830.2416080832,1465229.7473697667,0.0,0.0,0.0,196527.73420629278,832638.0157470703,1555855.9270467572,0.0,20554657.212297246,1512153.9328888245,681671.3500036635
2025-09-17,128616.47523606266,0.0,0.0,0.0,0.0,0.0,0.0,0.0,527620.7276411327,1462144.5190481788,0.0,0.0,0.0,193567.08275888115,822378.1223373413,1566404.3499365123,0.0,20434534.064005733,1482340.6347406004,2217326.024295561
2025-09-18,133677.77545652166,0.0,0.0,0.0,0.0,0.0,0.0,0.0,527940.2250094302,1504908.975564069,0.0,0.0,0.0,198135.87438646704,802231.9074726105,1581729.5728932694,0.0,20525383.770017512,1439903.80846411,2063003.0907360092
2025-09-19,132379.15373039246,0.0,0.0,0.0,0.0,0.0,0.0,0.0,530403.2770900726,1531887.1886630058,0.0,0.0,0.0,194186.19876480103,794059.5585308075,1568283.9565258026,0.0,20183868.73495102,1397844.0423202515,1536572.8894238472
2025-09-20,132379.15373039246,0.0,0.0,0.0,0.0,0.0,0.0,0.0,530403.2770900726,1531887.1886630058,0.0,0.0,0.0,194186.19876480103,794059.5585308075,1568283.9565258026,0.0,20183868.73495102,1397844.0423202515,1478555.8894238472
2025-09-21,132379.15373039246,0.0,0.0,0.0,0.0,0.0,0.0,0.0,530403.2770900726,1531887.1886630058,0.0,0.0,0.0,194186.19876480103,794059.5585308075,1568283.9565258026,0.0,20183868.73495102,1397844.0423202515,1420538.8894238472
2025-09-22,134289.40527377464,0.0,0.0,0.0,0.0,0.0,0.0,0.0,544949.9291437492,2226190.861660991,0.0,0.0,0.0,196040.4596293494,797904.9951553345,2241980.0036343373,0.0,19846291.52366981,1410750.7850484923,297036.0367841646
2025-09-23,133214.71078841854,0.0,0.0,0.0,0.0,0.0,0.0,0.0,177179.3242871426,2193374.493313921,0.0,0.0,0.0,197452.72435531765,795858.2033157349,2240019.024033931,0.0,19954975.75271842,1396614.7960837092,548727.9711034074
2025-09-24,130778.22243177798,0.0,0.0,0.0,0.0,0.0,0.0,0.0,0.0,2200723.5007602326,0.0,0.0,0.0,194098.8905238919,800299.5093727112,2254830.686306171,0.0,16310700.190073363,1353713.315988006,4334255.684543848
2025-09-25,129023.50767398067,0.0,0.0,0.0,0.0,0.0,0.0,0.0,0.0,2279962.7356021265,0.0,0.0,0.0,191061.98587553017,795822.6352386475,2341396.2945308406,0.0,17091292.132570073,1329537.3202593997,3363286.388249401
2025-09-26,131959.4484136321,0.0,0.0,0.0,0.0,0.0,0.0,0.0,0.0,2324774.331171265,0.0,0.0,0.0,196591.25566918775,795236.7974510193,2331889.1586468285,0.0,18334389.82850085,1343264.318301268,2005260.8618459515
2025-09-27,131959.4484136321,0.0,0.0,0.0,0.0,0.0,0.0,0.0,0.0,2324774.331171265,0.0,0.0,0.0,196591.25566918775,795236.7974510193,2331889.1586468285,0.0,18334389.82850085,1343264.318301268,1947243.8618459515
2025-09-28,131959.4484136321,0.0,0.0,0.0,0.0,0.0,0.0,0.0,0.0,2324774.331171265,0.0,0.0,0.0,196591.25566918775,795236.7974510193,2331889.1586468285,0.0,18334389.82850085,1343264.318301268,1889226.8618459515
2025-09-29,124248.21694254689,0.0,0.0,0.0,0.0,0.0,0.0,0.0,0.0,2327935.453907024,0.0,0.0,0.0,196002.50780779123,769436.427394867,2317271.2673639357,0.0,17169610.66885756,1350952.8740342706,3033857.5836920068
2025-09-30,123085.06165344547,0.0,0.0,0.0,0.0,0.0,0.0,0.0,0.0,2310111.7736630943,0.0,0.0,0.0,197726.0957358461,749870.0757751465,2313108.9438688047,0.0,16865536.820814032,1358189.6211833507,3313669.6073062792
2025-10-01,126704.44881036761,0.0,0.0,0.0,0.0,0.0,0.0,0.0,0.0,2847131.824801981,0.0,0.0,0.0,196204.09767120145,720677.3950195312,2956948.209798932,0.0,18146658.383099817,1359371.7051136773,853656.9356844947
2025-10-02,122210.66067152261,0.0,0.0,0.0,0.0,0.0,0.0,0.0,0.0,2848764.4105538386,0.0,0.0,0.0,197855.26205202006,713309.3380508423,2895438.906829387,0.0,17444639.769764327,1351634.7665438242,1609555.885534238
2025-10-03,123639.21394259948,0.0,0.0,0.0,0.0,0.0,0.0,0.0,0.0,2917314.7384048877,0.0,0.0,0.0,198839.57199946605,712490.9787597656,2883536.7084590793,0.0,17684456.447791465,1369645.9110749513,1269540.429567784
2025-10-04,123639.21394259948,0.0,0.0,0.0,0.0,0.0,0.0,0.0,0.0,2917314.7384048877,0.0,0.0,0.0,198839.57199946605,712490.9787597656,2883536.7084590793,0.0,17684456.447791465,1369645.9110749513,1245596.429567784
2025-10-05,123639.21394259948,0.0,0.0,0.0,0.0,0.0,0.0,0.0,0.0,2917314.7384048877,0.0,0.0,0.0,198839.57199946605,712490.9787597656,2883536.7084590793,0.0,17684456.447791465,1369645.9110749513,1221651.429567784
2025-10-06,118699.58757191151,0.0,0.0,0.0,0.0,0.0,0.0,0.0,0.0,2858829.399186359,0.0,0.0,0.0,200352.25168379396,710489.7193908691,2873181.4333746433,0.0,17819280.587736644,1359378.8689393923,1147418.152116388
2025-10-07,118348.686552539,0.0,0.0,0.0,0.0,0.0,0.0,0.0,0.0,2913148.5188421365,0.0,0.0,0.0,208209.34440952726,718109.2789649963,2871603.7051290274,0.0,17968021.040039062,1328990.6635419931,937254.7625207156
2025-10-08,124086.07471716846,0.0,0.0,0.0,0.0,0.0,0.0,0.0,0.0,3024746.658099221,0.0,0.0,0.0,215918.20738359913,699761.5332069397,2934435.9068930447,0.0,17680087.042252343,1384863.9990016166,975841.5784460679
2025-10-09,125807.66857380979,0.0,0.0,0.0,0.0,0.0,0.0,0.0,0.0,2990464.238302069,0.0,0.0,0.0,213035.91742694378,703159.2573280334,2980032.187869072,0.0,17148308.747758895,1369033.236408569,1485954.7463326082
2025-10-10,124012.5329265953,0.0,0.0,0.0,0.0,0.0,0.0,0.0,0.0,2884386.072521615,0.0,0.0,0.0,202327.925468646,643999.2977142334,2892482.563934773,0.0,16096155.709810015,1335082.1751432493,2813405.722480871
2025-10-11,124012.5329265953,0.0,0.0,0.0,0.0,0.0,0.0,0.0,0.0,2884386.072521615,0.0,0.0,0.0,202327.925468646,643999.2977142334,2892482.563934773,0.0,16096155.709810015,1335082.1751432493,2789460.722480871
2025-10-12,124012.5329265953,0.0,0.0,0.0,0.0,0.0,0.0,0.0,0.0,2884386.072521615,0.0,0.0,0.0,202327.925468646,643999.2977142334,2892482.563934773,0.0,16096155.709810015,1335082.1751432493,2765516.722480871
2025-10-13,124754.32319301227,0.0,0.0,0.0,0.0,0.0,0.0,0.0,0.0,2965880.3181556347,0.0,0.0,0.0,205469.72998447716,651197.1193313599,3038896.9008924365,0.0,16737771.803767946,1361008.1693749689,1835039.6353001632
2025-10-14,127918.47255012137,0.0,0.0,0.0,0.0,0.0,0.0,0.0,0.0,2945048.23751434,0.0,0.0,0.0,207394.42984899506,638490.8234138489,3064514.9918302894,0.0,16635790.539743807,1398689.429432433,1878226.0756661631
2025-10-15,129420.59837167058,0.0,0.0,0.0,0.0,0.0,0.0,0.0,0.0,2949042.9506062055,0.0,0.0,0.0,207627.659836689,1184868.361492157,2999077.563789189,0.0,17022453.2515709,1385689.5289655775,993949.0853676125
2025-10-16,124059.06298942328,0.0,0.0,0.0,0.0,0.0,0.0,0.0,0.0,2733772.6686179247,0.0,0.0,0.0,214448.51467874832,1160230.8321533203,3022609.833702415,0.0,16428623.342800247,1372942.9832888488,1791496.7617690712
2025-10-17,121978.42975948798,0.0,0.0,0.0,0.0,0.0,0.0,0.0,0.0,2580999.189840055,0.0,0.0,0.0,206423.3603938073,1178275.9357452393,2952662.0008019805,0.0,16137508.547145147,1376079.7683190927,2270312.76799519
2025-10-18,121978.42975948798,0.0,0.0,0.0,0.0,0.0,0.0,0.0,0.0,2580999.189840055,0.0,0.0,0.0,206423.3603938073,1178275.9357452393,2952662.0008019805,0.0,16137508.547145147,1376079.7683190927,2246367.76799519
2025-10-19,121978.42975948798,0.0,0.0,0.0,0.0,0.0,0.0,0.0,0.0,2580999.189840055,0.0,0.0,0.0,206423.3603938073,1178275.9357452393,2952662.0008019805,0.0,16137508.547145147,1376079.7683190927,2222422.76799519
2025-10-20,125135.87916477816,0.0,0.0,0.0,0.0,0.0,0.0,0.0,0.0,2678992.5273458194,0.0,0.0,0.0,210561.63448549807,1178835.2094688416,3064528.526044786,0.0,16009101.300074905,1385382.3084669188,2099868.6149484515
2025-10-21,125348.84503760375,0.0,0.0,0.0,0.0,0.0,0.0,0.0,0.0,2635122.6732146693,0.0,0.0,0.0,212816.93617347628,1200867.5452957153,2938352.6005747914,0.0,15844923.283366673,1392481.0084180906,2378548.1079189815
2025-10-22,130140.10820183717,0.0,0.0,0.0,0.0,0.0,0.0,0.0,0.0,3383728.7742266413,0.0,0.0,0.0,220403.4913767837,1190376.9339408875,2852718.095235586,0.0,16247940.805244375,1373224.2906559445,1305984.5011179447
2025-10-23,130881.60223388672,0.0,0.0,0.0,0.0,0.0,0.0,0.0,0.0,3444203.1127895527,0.0,0.0,0.0,221402.00665974803,1195374.4843482971,2867130.5118267983,0.0,17358075.32615038,1384627.267285157,1478877.6887061782
2025-10-24,130776.30671601556,0.0,0.0,0.0,0.0,0.0,0.0,0.0,0.0,3491675.490854007,0.0,0.0,0.0,223726.6127846148,1186944.8017120361,2951477.368725449,0.0,16709099.881996473,1423491.7333505861,1939434.803860817
2025-10-25,130776.30671601556,0.0,0.0,0.0,0.0,0.0,0.0,0.0,0.0,3491675.490854007,0.0,0.0,0.0,223726.6127846148,1186944.8017120361,2951477.368725449,0.0,16709099.881996473,1423491.7333505861,1915490.803860817
2025-10-26,130776.30671601556,0.0,0.0,0.0,0.0,0.0,0.0,0.0,0.0,3491675.490854007,0.0,0.0,0.0,223726.6127846148,1186944.8017120361,2951477.368725449,0.0,16709099.881996473,1423491.7333505861,1891545.803860817
2025-10-27,134500.39254677575,0.0,0.0,0.0,0.0,0.0,0.0,0.0,0.0,3487181.2875444526,0.0,0.0,0.0,221791.19296592474,1380541.0089111328,2959771.8838042617,0.0,16508600.872516148,1433521.2734704278,1858885.0882408768
2025-10-28,133681.21204290166,0.0,0.0,0.0,0.0,0.0,0.0,0.0,0.0,3569983.745350482,0.0,0.0,0.0,226718.49684312567,1348183.2214450836,2949701.0921460986,0.0,16436292.18152909,1443562.4671425484,1852726.5835006721
2025-10-29,132871.8795854668,0.0,0.0,0.0,0.0,0.0,0.0,0.0,0.0,3455096.6373668443,0.0,0.0,0.0,221735.65413961187,1330206.595539093,2927541.763869107,0.0,16624528.819947682,1507250.2155160531,1737672.4340361431
2025-10-30,130467.80100588687,0.0,0.0,0.0,0.0,0.0,0.0,0.0,0.0,3470084.5795753878,0.0,0.0,0.0,216086.6744513996,1335022.4967098236,2933533.2807841897,0.0,16951186.85313152,1480116.03891626,1396462.275425531
2025-10-31,132262.9755028747,0.0,0.0,0.0,0.0,0.0,0.0,0.0,1333956.9242810905,3430635.260033855,0.0,0.0,0.0,0.0,1332018.474609375,3088334.3781688213,0.0,17001716.8292683,1476423.9605957642,93666.19753991812
2025-11-01,132262.9755028747,0.0,0.0,0.0,0.0,0.0,0.0,0.0,1333956.9242810905,3430635.260033855,0.0,0.0,0.0,0.0,1332018.474609375,3088334.3781688213,0.0,17001716.8292683,1476423.9605957642,191056.19753991812
2025-11-02,132262.9755028747,0.0,0.0,0.0,0.0,0.0,0.0,0.0,1333956.9242810905,3430635.260033855,0.0,0.0,0.0,0.0,1332018.474609375,3088334.3781688213,0.0,17001716.8292683,1476423.9605957642,288446.1975399181
2025-11-03,131613.62047267682,0.0,0.0,0.0,0.0,0.0,0.0,0.0,1288435.945012778,3472390.251085512,0.0,0.0,0.0,0.0,1335035.8017539978,3170446.4059981704,0.0,17470444.842594467,1459138.6224420462,0.0
2025-11-04,125434.98500951612,0.0,0.0,0.0,0.0,0.0,0.0,0.0,1268249.6607444435,3573996.8624092927,0.0,0.0,0.0,0.0,1353927.4088840485,2961110.1080386043,0.0,17148496.51583723,1456692.0230217278,391342.4360551387
2025-11-05,132779.28261487652,0.0,0.0,0.0,0.0,0.0,0.0,0.0,1306866.0439873636,3555754.9899078626,0.0,0.0,0.0,0.0,1377278.821220398,3040648.2491703033,0.0,17397513.159243144,1463710.9582938254,102088.49556222558
2025-11-06,121197.31007121736,0.0,0.0,0.0,0.0,0.0,0.0,0.0,1314971.370472759,3401385.726928711,0.0,0.0,0.0,0.0,1330045.9262943268,3741941.8804585934,0.0,17311721.8498067,1431677.4814389646,0.0
2025-11-07,126141.05410372932,0.0,0.0,0.0,0.0,0.0,0.0,0.0,1506081.2984557059,3349514.111828249,0.0,0.0,0.0,0.0,1367575.6979370117,3761760.208546877,0.0,18076163.586194467,1431683.504372863,0.0
2025-11-08,126141.05410372932,0.0,0.0,0.0,0.0,0.0,0.0,0.0,1506081.2984557059,3349514.111828249,0.0,0.0,0.0,0.0,1367575.6979370117,3761760.208546877,0.0,18076163.586194467,1431683.504372863,0.0
2025-11-09,126141.05410372932,0.0,0.0,0.0,0.0,0.0,0.0,0.0,1506081.2984557059,3349514.111828249,0.0,0.0,0.0,0.0,1367575.6979370117,3761760.208546877,0.0,18076163.586194467,1431683.504372863,0.0
2025-11-10,128330.04033279419,0.0,0.0,0.0,0.0,0.0,0.0,0.0,1560139.093597412,3400266.1421585083,0.0,0.0,0.0,0.0,1381867.7110671997,3832046.1083984375,0.0,18763114.02471924,1417359.2488098145,0.0
2025-11-11,140046.73891150346,0.0,0.0,0.0,0.0,0.0,0.0,1447557.2999500483,1559370.8719037035,3518903.5545884203,0.0,0.0,0.0,0.0,1345216.5942077637,1560899.3042298863,0.0,20247105.07630878,1447935.8975607902,0.0
2025-11-12,144173.78700527363,0.0,0.0,0.0,0.0,0.0,0.0,1466847.179835938,1606303.7965805624,3489338.5568015655,0.0,0.0,0.0,0.0,1393296.9256782532,1595094.1965695787,0.0,18841920.391318955,1460715.8341591805,0.0
2025-11-13,138287.48415982816,0.0,0.0,0.0,0.0,0.0,0.0,1506511.4614349604,2262300.3532538004,3412706.280525606,0.0,0.0,0.0,0.0,1391233.2585811615,1533992.786792498,2902962.3633849155,15183437.216085568,1460679.9194335938,0.0
2025-11-14,137118.76565089636,0.0,0.0,0.0,0.0,0.0,0.0,1494970.5022104979,2278049.7272135094,3345838.7736937366,0.0,0.0,0.0,0.0,1681266.432056427,1504164.5960873663,2904326.700320814,15536895.31379141,1434048.3968950808,0.0
2025-11-15,137118.76565089636,0.0,0.0,0.0,0.0,0.0,0.0,1494970.5022104979,2278049.7272135094,3345838.7736937366,0.0,0.0,0.0,0.0,1681266.432056427,1504164.5960873663,2904326.700320814,15536895.31379141,1434048.3968950808,0.0
2025-11-16,137118.76565089636,0.0,0.0,0.0,0.0,0.0,0.0,1494970.5022104979,2278049.7272135094,3345838.7736937366,0.0,0.0,0.0,0.0,1681266.432056427,1504164.5960873663,2904326.700320814,15536895.31379141,1434048.3968950808,0.0
2025-11-17,133832.95897271577,0.0,0.0,0.0,0.0,0.0,0.0,1455961.4333404303,2865219.509411039,3207825.0624964843,0.0,0.0,0.0,0.0,1630449.5395889282,1466969.5387824196,2861641.4687362313,11934537.791031612,1390404.70389029,2598476.9937498495
2025-11-18,137603.48740388732,0.0,0.0,0.0,0.0,0.0,0.0,2948930.1944396496,2881098.7682661675,3359314.248783661,0.0,0.0,0.0,0.0,1618529.4036102295,1483103.7570372596,2892818.9740769416,12202596.969169535,1391528.779611513,727184.417601157
2025-11-19,139391.83800596232,0.0,0.0,0.0,0.0,0.0,0.0,2920441.16679883,2925879.1373760253,3371360.028039121,0.0,0.0,0.0,0.0,1922988.008863449,1434337.660583496,2882646.653427042,11902373.769595101,1383722.5463867188,856958.1909242533
2025-11-20,143915.3266484253,0.0,0.0,0.0,0.0,0.0,0.0,2938828.2435521483,2904291.1459175944,3254984.7014740133,0.0,0.0,0.0,0.0,1934424.7350759506,1392691.5471216766,2902796.8279884234,11216481.315977449,1382267.3507064208,1766806.8055379018
2025-11-21,151862.61269760132,0.0,0.0,0.0,0.0,0.0,0.0,2970307.7703552246,2977719.564857483,3376600.7041368484,0.0,0.0,0.0,0.0,1977377.6608791351,1437759.4016551971,2920482.9897050858,11561329.375,1418739.794960022,1142698.1257534027
2025-11-22,151862.61269760132,0.0,0.0,0.0,0.0,0.0,0.0,2970307.7703552246,2977719.564857483,3376600.7041368484,0.0,0.0,0.0,0.0,1977377.6608791351,1437759.4016551971,2920482.9897050858,11561329.375,1418739.794960022,1240088.1257534027
2025-11-23,151862.61269760132,0.0,0.0,0.0,0.0,0.0,0.0,2970307.7703552246,2977719.564857483,3376600.7041368484,0.0,0.0,0.0,0.0,1977377.6608791351,1437759.4016551971,2920482.9897050858,11561329.375,1418739.794960022,1337478.1257534027
2025-11-24,161332.87676563114,0.0,0.0,0.0,0.0,0.0,0.0,2981311.831194043,3022671.813013885,3302920.9517223984,0.0,0.0,0.0,0.0,1978226.0291538239,1445728.6440095864,2909540.431996716,11451581.268531922,1440723.8025780022,1533009.351033993
2025-11-25,169992.35380997322,0.0,0.0,0.0,0.0,0.0,0.0,3000278.214209765,3088976.135296583,3359849.0212518037,0.0,0.0,0.0,0.0,1962277.583782196,1483620.6010038396,2926069.8259074264,11238049.329072569,1497867.765115723,1597456.1705501229
2025-11-26,168231.41248198226,0.0,0.0,0.0,0.0,0.0,0.0,2995644.3606410176,3014644.8783396045,3420266.1469436134,0.0,0.0,0.0,0.0,1975762.1608924866,1499140.5994188972,2907539.370393788,11262832.636432141,1470779.7464739997,1706985.6879824698
2025-11-27,168882.5462893434,0.0,0.0,0.0,0.0,0.0,0.0,3007238.897530809,3026312.956069649,3433504.1676294724,0.0,0.0,0.0,0.0,1988927.1717529297,1504942.970758874,2918792.899995459,11306425.036852702,1476472.3481230158,1687718.0049977452
2025-11-28,168177.91748547368,0.0,0.0,0.0,0.0,0.0,0.0,3003527.771905273,3018574.632967497,3434143.847128142,0.0,0.0,0.0,0.0,2411918.4547872543,1487369.1202412723,2899365.7414870174,11525945.178222232,1505534.2560931388,1162049.0796827003
2025-11-29,168177.91748547368,0.0,0.0,0.0,0.0,0.0,0.0,3003527.771905273,3018574.632967497,3434143.847128142,0.0,0.0,0.0,0.0,2411918.4547872543,1487369.1202412723,2899365.7414870174,11525945.178222232,1505534.2560931388,1259439.0796827003
2025-11-30,168177.91748547368,0.0,0.0,0.0,0.0,0.0,0.0,3003527.771905273,3018574.632967497,3434143.847128142,0.0,0.0,0.0,0.0,2411918.4547872543,1487369.1202412723,2899365.7414870174,11525945.178222232,1505534.2560931388,1356829.0796827003
2025-12-01,170422.28565224307,0.0,0.0,0.0,0.0,0.0,0.0,2981364.1225039065,2929178.5931170667,3357266.4667712767,0.0,0.0,0.0,0.0,2827063.4424362183,1476231.147841693,2906783.284018552,11741110.86472784,1525417.3177542724,849790.4751769342
2025-12-02,169804.6400756836,0.0,0.0,0.0,0.0,0.0,0.0,2979446.575166747,2924533.9428440314,3275068.4600272905,0.0,0.0,0.0,0.0,2807238.908082962,1490752.4245605469,2917004.9744884875,11728193.184362289,1511922.8193541244,913905.0710378364
2025-12-03,173618.02742146002,0.0,0.0,0.0,0.0,0.0,0.0,2955849.990316406,2968556.9861160675,3268808.5485911127,0.0,0.0,0.0,0.0,2783498.887441635,1581755.3348809574,2911429.4596490096,12800514.832214355,1544249.6172377933,0.0
2025-12-04,176770.52870006114,0.0,0.0,0.0,0.0,0.0,0.0,2948988.310953468,2995455.779147256,3276539.660522461,0.0,0.0,0.0,0.0,2835779.1198005676,1573339.7109871767,2905613.1970994733,12726715.864501953,1545313.724082429,0.0
2025-12-05,175360.46195155336,0.0,0.0,0.0,0.0,0.0,0.0,2970320.505082324,3038251.9837295394,3202073.181881076,0.0,0.0,0.0,0.0,2815655.6952667236,1562092.130263025,2920190.499703372,12388576.143093929,1611961.6787725221,0.0
2025-12-06,175360.46195155336,0.0,0.0,0.0,0.0,0.0,0.0,2970320.505082324,3038251.9837295394,3202073.181881076,0.0,0.0,0.0,0.0,2815655.6952667236,1562092.130263025,2920190.499703372,12388576.143093929,1611961.6787725221,0.0
2025-12-07,175360.46195155336,0.0,0.0,0.0,0.0,0.0,0.0,2970320.505082324,3038251.9837295394,3202073.181881076,0.0,0.0,0.0,0.0,2815655.6952667236,1562092.130263025,2920190.499703372,12388576.143093929,1611961.6787725221,0.0
2025-12-08,171230.37682686746,0.0,0.0,0.0,0.0,0.0,0.0,2927312.526417434,3019071.2237508297,3074728.9430584665,0.0,0.0,0.0,0.0,2938759.9901046753,1512314.2889235206,2916662.637877343,12259147.357101236,1569832.662395388,48269.99354423955
2025-12-09,174458.9824378509,0.0,0.0,0.0,0.0,0.0,0.0,2886679.45337373,3035006.9414957315,3016025.7168882284,0.0,0.0,0.0,0.0,2939337.862838745,1542904.7210343536,2910122.983481069,12476078.935929237,1571599.363154266,0.0
2025-12-10,175975.45080707688,0.0,0.0,683820.5140458564,0.0,0.0,0.0,2879667.701960057,3167990.3224484716,3170200.3483061604,0.0,0.0,0.0,0.0,2972497.8671741486,1532181.3696329566,2913756.2426325437,12250404.72033481,1600924.4807390124,296395.98191890493
2025-12-11,179634.2085793577,0.0,0.0,923908.6250536367,0.0,0.0,0.0,2913694.049341798,3251504.9350528717,3305869.055280179,0.0,0.0,0.0,0.0,2963368.8676071167,1606483.4775700942,2917155.868330639,12388355.5278152,1655020.5618056655,0.0
2025-12-12,174560.48116225423,0.0,0.0,0.0,0.0,0.0,0.0,2938875.854581788,3269255.8572468963,2510961.4398760432,0.0,0.0,0.0,0.0,2971263.212814331,1594886.824050475,2920749.961623032,11965541.315527461,1655000.34315384,1549204.7099638805
2025-12-13,174560.48116225423,0.0,0.0,0.0,0.0,0.0,0.0,2938875.854581788,3269255.8572468963,2510961.4398760432,0.0,0.0,0.0,0.0,2971263.212814331,1594886.824050475,2920749.961623032,11965541.315527461,1655000.34315384,1502446.7099638805
2025-12-14,174560.48116225423,0.0,0.0,0.0,0.0,0.0,0.0,2938875.854581788,3269255.8572468963,2510961.4398760432,0.0,0.0,0.0,0.0,2971263.212814331,1594886.824050475,2920749.961623032,11965541.315527461,1655000.34315384,1455688.7099638805
2025-12-15,174363.08580072317,0.0,0.0,0.0,0.0,0.0,0.0,2983408.7611994147,3130688.796903506,2571848.093250199,0.0,0.0,0.0,0.0,3075793.654460907,1599035.361310673,2926040.487482021,12145733.876208711,1664093.8060608227,1139022.077323027
2025-12-16,168789.54802527465,0.0,0.0,0.0,0.0,0.0,0.0,2934020.752253711,3142584.4075726457,2523331.8795969384,0.0,0.0,0.0,0.0,3009893.6243305206,1593903.4390052482,2917643.7262775265,11310367.34881965,1626261.3098770753,2136473.964241408
2025-12-17,166277.1834229706,0.0,0.0,0.0,0.0,0.0,0.0,2968617.2348258793,3146705.981666798,2471934.5302658994,0.0,141287.0390625,0.0,0.0,3074990.4377803802,1624359.4564157408,2926113.4777780455,11427001.436951306,1575939.2084913328,1793287.013339147
2025-12-18,166355.63527679443,0.0,0.0,0.0,0.0,0.0,0.0,2967987.5263671875,3183093.6210632324,2449124.6679496765,0.0,139558.3204498291,0.0,0.0,3038074.189628601,1638351.0,2931807.468093872,11612172.0,1607544.3640136719,1535686.207157135
2025-12-19,173207.81040419312,0.0,0.0,0.0,0.0,0.0,0.0,2916460.9670246094,3195393.9776599603,2364283.5549632125,0.0,140005.2228591675,0.0,0.0,3025561.218860626,1675742.821599939,2932162.1438463028,11580507.589989994,1600270.3415987547,1619401.3511932418
2025-12-20,173207.81040419312,0.0,0.0,0.0,0.0,0.0,0.0,2916460.9670246094,3195393.9776599603,2364283.5549632125,0.0,140005.2228591675,0.0,0.0,3025561.218860626,1675742.821599939,2932162.1438463028,11580507.589989994,1600270.3415987547,1572644.3511932418
2025-12-21,173207.81040419312,0.0,0.0,0.0,0.0,0.0,0.0,2916460.9670246094,3195393.9776599603,2364283.5549632125,0.0,140005.2228591675,0.0,0.0,3025561.218860626,1675742.821599939,2932162.1438463028,11580507.589989994,1600270.3415987547,1525886.3511932418
2025-12-22,175785.31068469863,0.0,0.0,0.0,0.0,0.0,0.0,2947145.2693710923,3236072.9988177717,2375857.554636339,0.0,143304.52680296637,0.0,0.0,3020598.8394851685,1669076.3426395375,2930889.3022456756,12160031.90826416,1634944.9714775383,789017.9755750522
2025-12-23,172701.6635748963,0.0,0.0,0.0,0.0,0.0,0.0,0.0,3250200.8722407725,2289692.6401917124,0.0,143135.32678312995,0.0,0.0,3080594.8136672974,1712543.5657747816,2934680.72665706,12142976.87320336,1643132.177520385,3666308.3403866068
2025-12-24,0.0,0.0,0.0,0.0,0.0,0.0,0.0,0.0,3196947.0886029303,2257411.579719954,0.0,144613.93481039442,0.0,0.0,3062169.569421768,1713896.9449318014,2940733.8568417146,12088984.947270658,1651674.3939614855,3932776.6844392903
2025-12-25,0.0,0.0,0.0,0.0,0.0,0.0,0.0,0.0,3196947.0886029303,2257411.579719954,0.0,144613.93481039442,0.0,0.0,3108092.928291321,1713896.9449318014,2940733.8568417146,12088984.947270658,1651674.3939614855,3840096.3255697377
2025-12-26,0.0,0.0,0.0,0.0,0.0,0.0,0.0,0.0,3113919.8452217504,2171226.575527077,0.0,140891.05210955814,0.0,0.0,3063333.417526245,1677196.6129559577,2877976.7444671746,11721340.192298077,1612869.8217773438,4516945.738116816
2025-12-27,0.0,0.0,0.0,0.0,0.0,0.0,0.0,0.0,3113919.8452217504,2171226.575527077,0.0,140891.05210955814,0.0,0.0,3063333.417526245,1677196.6129559577,2877976.7444671746,11721340.192298077,1612869.8217773438,4470187.738116816
2025-12-28,0.0,0.0,0.0,0.0,0.0,0.0,0.0,0.0,3113919.8452217504,2171226.575527077,0.0,140891.05210955814,0.0,0.0,3063333.417526245,1677196.6129559577,2877976.7444671746,11721340.192298077,1612869.8217773438,4423430.738116816
2025-12-29,0.0,0.0,0.0,0.0,0.0,0.0,0.0,0.0,3062585.377802141,2253807.526922901,0.0,138713.59189169016,0.0,0.0,3048189.6640319824,1670616.7940818705,2870006.158495089,11709450.83033375,1590939.9659058545,4411117.090534724
2025-12-30,0.0,0.0,0.0,0.0,0.0,0.0,0.0,0.0,3001716.3430902734,2194388.937247256,0.0,133657.5852150023,0.0,0.0,2982437.7127952576,1653618.0750801861,2856824.2866580933,11722656.413330078,1577033.162792176,4586337.483791679
2025-12-31,0.0,0.0,0.0,0.0,0.0,0.0,0.0,0.0,2925346.586237842,2222505.706861017,0.0,134243.28166864626,0.0,0.0,2983859.6772766113,1648146.8260495048,2863196.3389935996,11693242.179482015,1555243.5456265882,4636127.8578041755
2026-01-01,0.0,0.0,0.0,0.0,0.0,0.0,0.0,0.0,2925346.586237842,2222505.706861017,0.0,134243.28166864626,0.0,0.0,2983859.6772766113,1648146.8260495048,2863196.3389935996,11693242.179482015,1555243.5456265882,4721394.8578041755
2026-01-02,0.0,0.0,0.0,0.0,0.0,0.0,0.0,0.0,2966928.366744156,2161417.8613218237,0.0,133681.06315362547,0.0,0.0,2908546.0125751495,1680613.5803262945,2873426.2474645604,12139612.085982952,1600419.3290505372,4367801.453380901
2026-01-03,0.0,0.0,0.0,0.0,0.0,0.0,0.0,0.0,2966928.366744156,2161417.8613218237,0.0,133681.06315362547,0.0,0.0,2908546.0125751495,1680613.5803262945,2873426.2474645604,12139612.085982952,1600419.3290505372,4453068.453380901
2026-01-04,0.0,0.0,0.0,0.0,0.0,0.0,0.0,0.0,2966928.366744156,2161417.8613218237,0.0,133681.06315362547,0.0,0.0,2908546.0125751495,1680613.5803262945,2873426.2474645604,12139612.085982952,1600419.3290505372,4538335.453380901
2026-01-05,0.0,0.0,0.0,0.0,0.0,0.0,0.0,0.0,3051723.8665725775,2153949.68347345,0.0,131371.76982275397,0.0,0.0,3033064.4976654053,1684238.0484820306,2868313.6694463715,12050421.493083548,0.0,6115163.971453864
2026-01-06,0.0,0.0,0.0,0.0,0.0,0.0,0.0,0.0,3128063.6142275855,2215103.840535716,0.0,391688.95215311274,0.0,0.0,3038369.2784118652,1706714.933044348,2879610.091162028,12395474.733394949,0.0,5418488.557070397
2026-01-07,0.0,0.0,0.0,0.0,0.0,0.0,0.0,0.0,3126765.0561826676,2130449.029244017,0.0,689419.2757268194,0.0,0.0,3070011.837776184,1724978.7861629874,2877234.2996471375,12311231.836408898,0.0,5328690.878851287
2026-01-08,0.0,0.0,0.0,0.0,0.0,0.0,0.0,0.0,3127598.62633992,2129441.171569824,0.0,980482.9464813997,0.0,0.0,3066295.873655319,1797450.819881482,2880765.3854699885,13201378.529355273,0.0,4160634.647246793
2026-01-09,0.0,0.0,0.0,0.0,0.0,0.0,0.0,0.0,3213727.9977066536,2121466.9231576556,0.0,1581399.1490818374,0.0,0.0,3155878.8076782227,3374742.1226097643,2886244.329868129,13190652.320251465,0.0,1905203.3496462703
2026-01-10,0.0,0.0,0.0,0.0,0.0,0.0,0.0,0.0,3213727.9977066536,2121466.9231576556,0.0,1581399.1490818374,0.0,0.0,3155878.8076782227,3374742.1226097643,2886244.329868129,13190652.320251465,0.0,1990470.3496462703
2026-01-11,0.0,0.0,0.0,0.0,0.0,0.0,0.0,0.0,3213727.9977066536,2121466.9231576556,0.0,1581399.1490818374,0.0,0.0,3155878.8076782227,3374742.1226097643,2886244.329868129,13190652.320251465,0.0,2075737.3496462703
2026-01-12,0.0,0.0,0.0,0.0,0.0,0.0,0.0,0.0,3251619.7788868733,2142840.885620117,0.0,1621952.235552393,0.0,0.0,3141680.361633301,3499561.021930665,2897704.1075961106,13413310.799987793,0.0,1716446.8087927476
2026-01-13,0.0,0.0,0.0,0.0,0.0,0.0,0.0,0.0,3277253.8877014685,2150151.0597899714,0.0,1571576.9884447642,0.0,0.0,3147880.368709564,3540794.50483308,2916999.1633445304,13408284.682223909,0.0,1757442.34495271
2026-01-14,0.0,0.0,0.0,0.0,0.0,0.0,0.0,0.0,3213240.726239521,2134023.251647949,0.0,1638222.8178552613,0.0,0.0,3216978.9975585938,3608756.747856885,2934291.427939783,13989750.934704091,0.0,1020385.0961979143
2026-01-15,0.0,0.0,0.0,0.0,0.0,0.0,0.0,0.0,3263018.7282626666,2173576.9039878664,0.0,1612232.7946186513,0.0,0.0,3214052.5961723328,3596627.569740236,2911761.4397738758,13745350.257147769,0.0,1324296.710296601
2026-01-16,0.0,0.0,0.0,0.0,0.0,0.0,0.0,0.0,3285003.0276942104,2208914.971952835,0.0,1600448.0805483386,0.0,0.0,3215948.586063385,3527683.558353223,2923584.3203894957,13585962.002279079,0.0,1578640.452719435
2026-01-17,0.0,0.0,0.0,0.0,0.0,0.0,0.0,0.0,3285003.0276942104,2208914.971952835,0.0,1600448.0805483386,0.0,0.0,3215948.586063385,3527683.558353223,2923584.3203894957,13585962.002279079,0.0,1663907.452719435
2026-01-18,0.0,0.0,0.0,0.0,0.0,0.0,0.0,0.0,3285003.0276942104,2208914.971952835,0.0,1600448.0805483386,0.0,0.0,3215948.586063385,3527683.558353223,2923584.3203894957,13585962.002279079,0.0,1749174.452719435
2026-01-19,0.0,0.0,0.0,0.0,0.0,0.0,0.0,0.0,3291130.90848805,2213035.506246941,0.0,1603433.574008055,0.0,0.0,3207367.700843811,3534264.1380792484,2929038.006749919,13611305.405288981,0.0,1514838.7602949962
2026-01-20,0.0,0.0,0.0,0.0,0.0,0.0,0.0,0.0,3172987.9111196883,2287036.4996792004,0.0,1651398.5674412102,0.0,0.0,3271840.8268356323,3495978.326157421,2928918.7088793423,13449648.941365993,0.0,1731871.218521513
2026-01-21,0.0,0.0,0.0,0.0,0.0,0.0,0.0,0.0,3187239.4082769547,2331863.082915712,0.0,1711623.8816030994,0.0,0.0,3185084.377471924,3542061.4940333515,2942586.3017462753,14175428.033076022,0.0,999061.4208766632
2026-01-22,0.0,0.0,0.0,0.0,0.0,0.0,0.0,0.0,3259359.549806336,2293337.7154973545,0.0,1719124.4900694564,0.0,0.0,3186027.522491455,3456881.5742649883,2915602.782612613,13982812.879127461,0.0,1347068.4861303344
2026-01-23,0.0,0.0,0.0,0.0,0.0,0.0,0.0,0.0,3179541.277700139,2189402.7896118164,0.0,1656176.2040945068,0.0,0.0,3173907.261039734,3454581.3883105963,2913673.7371380813,14224614.193365179,0.0,1453585.1487399489
2026-01-24,0.0,0.0,0.0,0.0,0.0,0.0,0.0,0.0,3179541.277700139,2189402.7896118164,0.0,1656176.2040945068,0.0,0.0,3173907.261039734,3454581.3883105963,2913673.7371380813,14224614.193365179,0.0,1538852.1487399489
2026-01-25,0.0,0.0,0.0,0.0,0.0,0.0,0.0,0.0,3179541.277700139,2189402.7896118164,0.0,1656176.2040945068,0.0,0.0,3173907.261039734,3454581.3883105963,2913673.7371380813,14224614.193365179,0.0,1624119.1487399489
2026-01-26,0.0,0.0,0.0,0.0,0.0,0.0,0.0,0.0,3154916.309460163,2179640.4701023432,0.0,1663727.6627987176,0.0,0.0,3110960.867477417,3103105.177370578,2878116.062909426,14349983.215411106,0.0,2060833.2344702482
2026-01-27,0.0,0.0,0.0,0.0,0.0,0.0,0.0,0.0,3093179.8645183817,2182075.926981198,0.0,1664850.6091262698,0.0,0.0,3086424.1405334473,3194825.4393104017,2871663.7515466455,14713298.583373211,0.0,1780231.684610445
2026-01-28,0.0,0.0,0.0,0.0,0.0,0.0,0.0,0.0,2984457.3339816406,2113453.606568178,0.0,1664003.6798038334,0.0,0.0,3126195.8008384705,3097315.7168106437,2853613.902299295,14059455.230293477,0.0,2773321.7294044644
2026-01-29,0.0,0.0,0.0,0.0,0.0,0.0,0.0,0.0,3006847.9364417866,2142618.650021951,0.0,1686309.9346096069,0.0,0.0,3070108.179130554,3158915.300747752,2849495.505146943,14375126.478237882,0.0,2467662.015663523
2026-01-30,0.0,0.0,0.0,0.0,0.0,0.0,0.0,0.0,2925909.0859239846,2158141.942973251,0.0,1666505.6230678707,0.0,0.0,3078217.728286743,3062118.557575196,2850813.4414977394,14374597.680749204,0.0,2726046.9399260134
2026-01-31,0.0,0.0,0.0,0.0,0.0,0.0,0.0,0.0,2925909.0859239846,2158141.942973251,0.0,1666505.6230678707,0.0,0.0,3078217.728286743,3062118.557575196,2850813.4414977394,14374597.680749204,0.0,2811313.9399260134
2026-02-01,0.0,0.0,0.0,0.0,0.0,0.0,0.0,0.0,2925909.0859239846,2158141.942973251,0.0,1666505.6230678707,0.0,0.0,3078217.728286743,3062118.557575196,2850813.4414977394,14374597.680749204,0.0,2948604.9399260134
2026-02-02,0.0,0.0,0.0,0.0,0.0,0.0,0.0,0.0,3042765.149350427,2251725.1198950224,0.0,1738560.05859375,0.0,0.0,3038270.6225471497,3106458.9853593707,2889254.9731196277,15077719.917787593,0.0,2057445.1733470596
2026-02-03,0.0,0.0,0.0,0.0,0.0,0.0,0.0,0.0,2915376.6977424175,2187162.2164578643,0.0,1758386.8218132555,0.0,0.0,3097006.24760437,3164677.991351366,2896713.4111510366,15282681.783149801,0.0,2037485.830729887
2026-02-04,0.0,0.0,0.0,0.0,0.0,0.0,0.0,0.0,2808491.3271331927,2186584.54621054,0.0,1740182.4659225084,0.0,0.0,3033592.272628784,3069276.454932131,2886213.498905963,15719465.831255976,0.0,1887989.6030109078
2026-02-05,0.0,0.0,0.0,0.0,0.0,0.0,0.0,0.0,2654457.250548171,2151399.0896645617,0.0,1675739.0172941163,0.0,0.0,3058083.7583885193,3031889.0647469983,2917796.2886080327,14894523.699651921,0.0,3085198.8310976774
2026-02-06,0.0,0.0,0.0,0.0,0.0,0.0,0.0,0.0,2712404.221056601,2146016.286407797,0.0,1725284.2223099135,0.0,0.0,3101150.336380005,3143137.51850684,2936506.909248262,15710318.710462205,0.0,2131559.7956283763
2026-02-07,0.0,0.0,0.0,0.0,0.0,0.0,0.0,0.0,2712404.221056601,2146016.286407797,0.0,1725284.2223099135,0.0,0.0,3101150.336380005,3143137.51850684,2936506.909248262,15710318.710462205,0.0,2268850.7956283763
2026-02-08,0.0,0.0,0.0,0.0,0.0,0.0,0.0,0.0,2712404.221056601,2146016.286407797,0.0,1725284.2223099135,0.0,0.0,3101150.336380005,3143137.51850684,2936506.909248262,15710318.710462205,0.0,2406141.7956283763
2026-02-09,0.0,0.0,0.0,0.0,0.0,0.0,0.0,0.0,2677752.427467456,2113094.9205767824,0.0,2252607.9478967297,0.0,0.0,3072518.8865203857,3299174.455078125,2921173.3699589856,15918531.513457278,0.0,1763403.4790442586
2026-02-10,0.0,0.0,0.0,0.0,0.0,0.0,0.0,0.0,2664489.3347706273,1989740.2737178141,0.0,2230122.3471899517,0.0,0.0,3107921.3984680176,3161297.9368042946,2917050.834325999,16106642.20601216,0.0,1978283.668711137
2026-02-11,0.0,0.0,0.0,0.0,0.0,0.0,0.0,0.0,2664559.577164932,1957709.8357885215,0.0,2194040.916428768,0.0,0.0,3134232.2987937927,3165866.551884815,2908244.1645339676,16673366.885391075,0.0,1594818.7700141296
2026-02-12,0.0,0.0,0.0,0.0,0.0,0.0,0.0,0.0,2574722.105608888,1937236.3717012736,0.0,2147221.6395904412,0.0,0.0,3177002.732688904,2983927.362405181,2888350.9267336577,15713335.780424647,0.0,3008333.0808470063
2026-02-13,0.0,0.0,0.0,0.0,0.0,0.0,0.0,0.0,2655276.9598123915,1947880.6353429402,0.0,2208597.141495918,0.0,0.0,3156382.4847221375,2983700.4563408196,2885315.853902115,16222704.402667511,0.0,2507563.06571617
2026-02-14,0.0,0.0,0.0,0.0,0.0,0.0,0.0,0.0,2655276.9598123915,1947880.6353429402,0.0,2208597.141495918,0.0,0.0,3156382.4847221375,2983700.4563408196,2885315.853902115,16222704.402667511,0.0,2644854.06571617
2026-02-15,0.0,0.0,0.0,0.0,0.0,0.0,0.0,0.0,2655276.9598123915,1947880.6353429402,0.0,2208597.141495918,0.0,0.0,3156382.4847221375,2983700.4563408196,2885315.853902115,16222704.402667511,0.0,2782145.06571617
2026-02-16,0.0,0.0,0.0,0.0,0.0,0.0,0.0,0.0,2652733.899844542,1946015.0758021232,0.0,2206481.883818225,0.0,0.0,3194649.139022827,2980842.852670312,2882552.4769159425,16207167.30022544,0.0,2908851.371700585
2026-02-17,0.0,0.0,0.0,0.0,0.0,0.0,0.0,0.0,2584791.367028039,2053695.9719654499,0.0,2235697.747901313,0.0,0.0,3162878.962627411,2935303.8553023934,2881612.099870736,16208204.53101353,0.0,3054400.4642911255
2026-02-18,0.0,0.0,0.0,0.0,0.0,0.0,0.0,0.0,2588728.6132372264,2021861.7993354786,0.0,2203542.9301227797,0.0,0.0,3193338.254201889,3009422.1044518054,2882272.6747415867,16562304.773835853,0.0,2792404.8500733823
2026-02-19,0.0,0.0,0.0,0.0,0.0,0.0,0.0,0.0,2629688.92048115,2076854.8270432139,0.0,2215628.6131062377,0.0,0.0,3326589.002368927,4310183.065972659,2882653.1095951656,17123286.428592276,0.0,826283.0328403711
2026-02-20,0.0,0.0,0.0,0.0,0.0,0.0,0.0,0.0,2679481.2900981903,2109806.0959863663,0.0,2216360.4054136276,0.0,0.0,3250900.5625686646,4307563.070745468,2896658.1547136307,17103978.454805374,0.0,963709.9656686783
2026-02-21,0.0,0.0,0.0,0.0,0.0,0.0,0.0,0.0,2679481.2900981903,2109806.0959863663,0.0,2216360.4054136276,0.0,0.0,3250900.5625686646,4307563.070745468,2896658.1547136307,17103978.454805374,0.0,963709.9656686783
2026-02-22,0.0,0.0,0.0,0.0,0.0,0.0,0.0,0.0,2679481.2900981903,2109806.0959863663,0.0,2216360.4054136276,0.0,0.0,3250900.5625686646,4307563.070745468,2896658.1547136307,17103978.454805374,0.0,963709.9656686783
