trade_date,settlement_date,quantity,currency,country,contract_amount,stock_name_kr,stock_name_en,isin,order_no,unit_price,settlement_amount,fx_rate_krw,buy_sell,commission,ticker,trade_type
2025-01-02,2025-01-06,1.0,USD,미국,55.34,워리어 멧 콜,WARRIOR MET COAL INC,US93627C1018,79058,55.3,55.3,1466.8,온라인 매수,0.04,HCC,장내거래
2025-01-02,2025-01-06,1.0,USD,미국,92.135,아치 캐피털 그룹,ARCH CAPITAL GROUP,BMG0450A1053,87341,92.065,92.065,1466.8,온라인 매수,0.07,ACGL,장내거래
2025-01-06,2025-01-08,2.0,USD,미국,115.15,타이드워터,TIDEWATER INC NEW,US88642R1095,69809,57.53,115.06,1455.4,온라인 매수,0.09,TDW,장내거래
2025-01-06,2025-01-08,1.0,USD,미국,55.68,워리어 멧 콜,WARRIOR MET COAL INC,US93627C1018,83070,55.64,55.64,1455.4,온라인 매수,0.04,HCC,장내거래
2025-01-07,2025-01-09,1.0,USD,미국,53.02,워리어 멧 콜,WARRIOR MET COAL INC,US93627C1018,86913,52.98,52.98,1453.2,온라인 매수,0.04,HCC,장내거래
2025-01-07,2025-01-09,1.0,USD,미국,57.95,타이드워터,TIDEWATER INC NEW,US88642R1095,86982,57.9,57.9,1453.2,온라인 매수,0.05,TDW,장내거래
2025-01-08,2025-01-10,2.0,USD,미국,112.47,타이드워터,TIDEWATER INC NEW,US88642R1095,71750,56.19,112.38,1458.2,온라인 매수,0.09,TDW,장내거래
2025-01-08,2025-01-10,1.0,USD,미국,51.4,워리어 멧 콜,WARRIOR MET COAL INC,US93627C1018,73460,51.36,51.36,1458.2,온라인 매수,0.04,HCC,장내거래
2025-01-08,2025-01-10,1.0,USD,미국,92.22,아치 캐피털 그룹,ARCH CAPITAL GROUP,BMG0450A1053,75069,92.15,92.15,1458.2,온라인 매수,0.07,ACGL,장내거래
2025-01-10,2025-01-14,1.0,USD,미국,55.87,타이드워터,TIDEWATER INC NEW,US88642R1095,101423,55.83,55.83,1471.3,온라인 매수,0.04,TDW,장내거래
2025-01-10,2025-01-14,1.0,USD,미국,50.98,워리어 멧 콜,WARRIOR MET COAL INC,US93627C1018,99349,50.94,50.94,1471.3,온라인 매수,0.04,HCC,장내거래
2025-01-10,2025-01-14,1.0,USD,미국,50.97,워리어 멧 콜,WARRIOR MET COAL INC,US93627C1018,99237,50.93,50.93,1471.3,온라인 매수,0.04,HCC,장내거래
2025-01-10,2025-01-14,1.0,USD,미국,90.67,아치 캐피털 그룹,ARCH CAPITAL GROUP,BMG0450A1053,99318,90.6,90.6,1471.3,온라인 매수,0.07,ACGL,장내거래
2025-01-13,2025-01-15,1.0,USD,미국,55.43,타이드워터,TIDEWATER INC NEW,US88642R1095,89000,55.39,55.39,1463.3,온라인 매수,0.04,TDW,장내거래
2025-01-13,2025-01-15,1.0,USD,미국,50.81,워리어 멧 콜,WARRIOR MET COAL INC,US93627C1018,89396,50.77,50.77,1463.3,온라인 매수,0.04,HCC,장내거래
2025-01-13,2025-01-15,1.0,USD,미국,55.18,타이드워터,TIDEWATER INC NEW,US88642R1095,96818,55.14,55.14,1463.3,온라인 매수,0.04,TDW,장내거래
2025-01-15,2025-01-17,2.0,USD,미국,107.41,워리어 멧 콜,WARRIOR MET COAL INC,US93627C1018,67059,53.66,107.32,1454.7,온라인 매수,0.09,HCC,장내거래
2025-01-15,2025-01-17,2.0,USD,미국,111.55,타이드워터,TIDEWATER INC NEW,US88642R1095,71903,55.73,111.46,1454.7,온라인 매수,0.09,TDW,장내거래
2025-01-15,2025-01-17,1.0,USD,미국,53.94,워리어 멧 콜,WARRIOR MET COAL INC,US93627C1018,78270,53.9,53.9,1454.7,온라인 매수,0.04,HCC,장내거래
2025-01-17,2025-01-22,1.0,USD,미국,54.58,타이드워터,TIDEWATER INC NEW,US88642R1095,61530,54.54,54.54,1437.9,온라인 매수,0.04,TDW,장내거래
2025-01-17,2025-01-22,1.0,USD,미국,54.18,타이드워터,TIDEWATER INC NEW,US88642R1095,66802,54.14,54.14,1437.9,온라인 매수,0.04,TDW,장내거래
2025-01-17,2025-01-22,1.0,USD,미국,96.19,아치 캐피털 그룹,ARCH CAPITAL GROUP,BMG0450A1053,67133,96.11,96.11,1437.9,온라인 매수,0.08,ACGL,장내거래
2025-01-21,2025-01-23,1.0,USD,미국,95.61,아치 캐피털 그룹,ARCH CAPITAL GROUP,BMG0450A1053,90957,95.53,95.53,1434.3,온라인 매수,0.08,ACGL,장내거래
2025-01-21,2025-01-23,1.0,USD,미국,56.5,워리어 멧 콜,WARRIOR MET COAL INC,US93627C1018,89733,56.45,56.45,1434.3,온라인 매수,0.05,HCC,장내거래
2025-01-21,2025-01-23,1.0,USD,미국,510.87,컴포트 시스템스 USA,COMFORT SYSTEMS USA,US1999081045,91689,510.46,510.46,1434.3,온라인 매수,0.41,FIX,장내거래
2025-01-21,2025-01-23,1.0,USD,미국,55.22,타이드워터,TIDEWATER INC NEW,US88642R1095,86430,55.18,55.18,1434.3,온라인 매수,0.04,TDW,장내거래
2025-01-21,2025-01-23,1.0,USD,미국,54.98,타이드워터,TIDEWATER INC NEW,US88642R1095,88307,54.94,54.94,1434.3,온라인 매수,0.04,TDW,장내거래
2025-01-22,2025-01-24,1.0,USD,미국,56.62,워리어 멧 콜,WARRIOR MET COAL INC,US93627C1018,78502,56.57,56.57,1437.1,온라인 매수,0.05,HCC,장내거래
2025-01-24,2025-01-31,2.0,USD,미국,109.62,워리어 멧 콜,WARRIOR MET COAL INC,US93627C1018,63023,54.765,109.53,1433.3,온라인 매수,0.09,HCC,장내거래
2025-01-24,2025-01-31,2.0,USD,미국,110.71,타이드워터,TIDEWATER INC NEW,US88642R1095,63052,55.31,110.62,1433.3,온라인 매수,0.09,TDW,장내거래
2025-01-24,2025-01-31,1.0,USD,미국,92.78,아치 캐피털 그룹,ARCH CAPITAL GROUP,BMG0450A1053,63084,92.71,92.71,1433.3,온라인 매수,0.07,ACGL,장내거래
2025-01-27,2025-01-31,2.0,USD,미국,110.83,타이드워터,TIDEWATER INC NEW,US88642R1095,138706,55.37,110.74,1433.3,온라인 매수,0.09,TDW,장내거래
2025-01-27,2025-01-31,2.0,USD,미국,106.435,워리어 멧 콜,WARRIOR MET COAL INC,US93627C1018,141640,53.172,106.345,1433.3,온라인 매수,0.09,HCC,장내거래
2025-01-27,2025-01-31,2.0,USD,미국,110.49,타이드워터,TIDEWATER INC NEW,US88642R1095,147774,55.2,110.4,1433.3,온라인 매수,0.09,TDW,장내거래
2025-01-27,2025-01-31,1.0,USD,미국,53.41,워리어 멧 콜,WARRIOR MET COAL INC,US93627C1018,147781,53.37,53.37,1433.3,온라인 매수,0.04,HCC,장내거래
2025-01-28,2025-01-31,2.0,USD,미국,107.94,타이드워터,TIDEWATER INC NEW,US88642R1095,75772,53.925,107.85,1433.3,온라인 매수,0.09,TDW,장내거래
2025-01-28,2025-01-31,1.0,USD,미국,53.26,워리어 멧 콜,WARRIOR MET COAL INC,US93627C1018,75811,53.22,53.22,1433.3,온라인 매수,0.04,HCC,장내거래
2025-01-28,2025-01-31,1.0,USD,미국,95.35,아치 캐피털 그룹,ARCH CAPITAL GROUP,BMG0450A1053,75861,95.27,95.27,1433.3,온라인 매수,0.08,ACGL,장내거래
2025-01-30,2025-02-03,1.0,USD,미국,54.68,타이드워터,TIDEWATER INC NEW,US88642R1095,76006,54.64,54.64,1453.0,온라인 매수,0.04,TDW,장내거래
2025-02-03,2025-02-05,3.0,USD,미국,158.53,타이드워터,TIDEWATER INC NEW,US88642R1095,101470,52.8,158.4,1460.8,온라인 매수,0.13,TDW,장내거래
2025-02-03,2025-02-05,1.0,USD,미국,52.03,워리어 멧 콜,WARRIOR MET COAL INC,US93627C1018,101516,51.99,51.99,1460.8,온라인 매수,0.04,HCC,장내거래
2025-02-03,2025-02-05,2.0,USD,미국,106.24,타이드워터,TIDEWATER INC NEW,US88642R1095,102113,53.08,106.16,1460.8,온라인 매수,0.08,TDW,장내거래
2025-02-03,2025-02-05,1.0,USD,미국,52.24,워리어 멧 콜,WARRIOR MET COAL INC,US93627C1018,102116,52.2,52.2,1460.8,온라인 매수,0.04,HCC,장내거래
2025-02-03,2025-02-05,1.0,USD,미국,52.75,타이드워터,TIDEWATER INC NEW,US88642R1095,103366,52.71,52.71,1460.8,온라인 매수,0.04,TDW,장내거래
2025-02-04,2025-02-06,1.0,USD,미국,52.56,워리어 멧 콜,WARRIOR MET COAL INC,US93627C1018,78306,52.52,52.52,1450.0,온라인 매수,0.04,HCC,장내거래
2025-02-05,2025-02-07,3.0,USD,미국,160.81,타이드워터,TIDEWATER INC NEW,US88642R1095,81523,53.56,160.68,1447.1,온라인 매수,0.13,TDW,장내거래
2025-02-05,2025-02-07,1.0,USD,미국,53.69,워리어 멧 콜,WARRIOR MET COAL INC,US93627C1018,81529,53.65,53.65,1447.1,온라인 매수,0.04,HCC,장내거래
2025-02-05,2025-02-07,1.0,USD,미국,92.81,아치 캐피털 그룹,ARCH CAPITAL GROUP,BMG0450A1053,81539,92.74,92.74,1447.1,온라인 매수,0.07,ACGL,장내거래
2025-02-06,2025-02-10,4.0,USD,미국,216.93,타이드워터,TIDEWATER INC NEW,US88642R1095,66912,54.19,216.76,1447.4,온라인 매수,0.17,TDW,장내거래
2025-02-07,2025-02-11,2.0,USD,미국,187.45,아치 캐피털 그룹,ARCH CAPITAL GROUP,BMG0450A1053,74902,93.65,187.3,1453.4,온라인 매수,0.15,ACGL,장내거래
2025-02-07,2025-02-11,6.0,USD,미국,316.15,워리어 멧 콜,WARRIOR MET COAL INC,US93627C1018,74965,52.65,315.9,1453.4,온라인 매수,0.25,HCC,장내거래
2025-02-07,2025-02-11,1.0,USD,미국,463.66,컴포트 시스템스 USA,COMFORT SYSTEMS USA,US1999081045,75153,463.29,463.29,1453.4,온라인 매수,0.37,FIX,장내거래
2025-02-07,2025-02-11,10.0,USD,미국,536.73,타이드워터,TIDEWATER INC NEW,US88642R1095,75191,53.63,536.3,1453.4,온라인 매수,0.43,TDW,장내거래
2025-02-10,2025-02-12,1.0,USD,미국,91.54,아치 캐피털 그룹,ARCH CAPITAL GROUP,BMG0450A1053,81394,91.47,91.47,1453.5,온라인 매수,0.07,ACGL,장내거래
2025-02-10,2025-02-12,5.0,USD,미국,279.17,타이드워터,TIDEWATER INC NEW,US88642R1095,81109,55.79,278.95,1453.5,온라인 매수,0.22,TDW,장내거래
2025-02-11,2025-02-13,1.0,USD,미국,105.027,유나이티드 스테이츠 라임 앤드 미네랄스(UNITED ST..,유나이티드 스테이츠 라임 앤드 미네랄스(UNITED ST..,US9119221029,67872,104.947,104.947,1452.6,온라인 매수,0.08,USLM,장내거래
2025-02-11,2025-02-13,2.0,USD,미국,121.7,아이라디메드,IRADIMED CORP,US46266A1097,69897,60.8,121.6,1452.6,온라인 매수,0.1,IRMD,장내거래
2025-02-14,2025-02-19,8.0,USD,미국,215.37,인터내셔널 제너럴 인슈어런스 홀딩스(INTERNATIONA..,인터내셔널 제너럴 인슈어런스 홀딩스(INTERNATIONA..,BMG4809J1062,16903,26.9,215.2,1443.9,온라인 매수,0.17,IGIC,장내거래
2025-02-14,2025-02-19,1.0,USD,미국,50.6,워리어 멧 콜,WARRIOR MET COAL INC,US93627C1018,74196,50.56,50.56,1443.9,온라인 매수,0.04,HCC,장내거래
2025-02-14,2025-02-19,2.0,USD,미국,108.25,타이드워터,TIDEWATER INC NEW,US88642R1095,80449,54.08,108.16,1443.9,온라인 매수,0.09,TDW,장내거래
2025-02-14,2025-02-19,1.0,USD,미국,49.7,워리어 멧 콜,WARRIOR MET COAL INC,US93627C1018,81090,49.66,49.66,1443.9,온라인 매수,0.04,HCC,장내거래
2025-02-14,2025-02-19,2.0,USD,미국,99.14,워리어 멧 콜,WARRIOR MET COAL INC,US93627C1018,85698,49.53,99.06,1443.9,온라인 매수,0.08,HCC,장내거래
2025-02-18,2025-02-20,2.0,USD,미국,99.18,워리어 멧 콜,WARRIOR MET COAL INC,US93627C1018,116573,49.55,99.1,1440.6,온라인 매수,0.08,HCC,장내거래
2025-02-19,2025-02-21,2.0,USD,미국,206.45,유나이티드 스테이츠 라임 앤드 미네랄스(UNITED ST..,유나이티드 스테이츠 라임 앤드 미네랄스(UNITED ST..,US9119221029,56787,103.14,206.28,1439.4,온라인 매수,0.17,USLM,장내거래
2025-02-19,2025-02-21,4.0,USD,미국,110.05,인터내셔널 제너럴 인슈어런스 홀딩스(INTERNATIONA..,인터내셔널 제너럴 인슈어런스 홀딩스(INTERNATIONA..,BMG4809J1062,68384,27.49,109.96,1439.4,온라인 매수,0.09,IGIC,장내거래
2025-02-26,2025-02-28,2.0,USD,미국,193.39,유나이티드 스테이츠 라임 앤드 미네랄스(UNITED ST..,유나이티드 스테이츠 라임 앤드 미네랄스(UNITED ST..,US9119221029,70178,96.62,193.24,1439.6,온라인 매수,0.15,USLM,장내거래
2025-02-26,2025-02-28,8.0,USD,미국,216.53,인터내셔널 제너럴 인슈어런스 홀딩스(INTERNATIONA..,인터내셔널 제너럴 인슈어런스 홀딩스(INTERNATIONA..,BMG4809J1062,70183,27.045,216.36,1439.6,온라인 매수,0.17,IGIC,장내거래
2025-03-03,2025-03-05,3.0,USD,미국,121.225,타이드워터,TIDEWATER INC NEW,US88642R1095,83029,40.375,121.125,1459.6,온라인 매수,0.1,TDW,장내거래
2025-03-03,2025-03-05,10.0,USD,미국,405.87,타이드워터,TIDEWATER INC NEW,US88642R1095,81236,40.555,405.55,1459.6,온라인 매수,0.32,TDW,장내거래
2025-03-03,2025-03-05,3.0,USD,미국,126.685,타이드워터,TIDEWATER INC NEW,US88642R1095,67944,42.195,126.585,1459.6,온라인 매수,0.1,TDW,장내거래
2025-03-03,2025-03-05,2.0,USD,미국,81.18,타이드워터,TIDEWATER INC NEW,US88642R1095,79580,40.56,81.12,1459.6,온라인 매수,0.06,TDW,장내거래
2025-04-03,2025-04-07,8.0,USD,미국,298.4,타이드워터,TIDEWATER INC NEW,US88642R1095,82952,37.27,298.16,1439.3,온라인 매수,0.24,TDW,장내거래
2025-04-03,2025-04-07,1.0,USD,미국,87.51,유나이티드 스테이츠 라임 앤드 미네랄스(UNITED ST..,유나이티드 스테이츠 라임 앤드 미네랄스(UNITED ST..,US9119221029,83098,87.44,87.44,1439.3,온라인 매수,0.07,USLM,장내거래
2025-04-08,2025-04-10,2.0,USD,미국,45.3,인터내셔널 제너럴 인슈어런스 홀딩스(INTERNATIONA..,인터내셔널 제너럴 인슈어런스 홀딩스(INTERNATIONA..,BMG4809J1062,46806,22.63,45.26,1482.9,온라인 매수,0.04,IGIC,장내거래
2025-04-08,2025-04-10,2.0,USD,미국,70.96,타이드워터,TIDEWATER INC NEW,US88642R1095,50454,35.45,70.9,1482.9,온라인 매수,0.06,TDW,장내거래
2025-04-08,2025-04-10,2.0,USD,미국,69.65,타이드워터,TIDEWATER INC NEW,US88642R1095,65657,34.795,69.59,1482.9,온라인 매수,0.06,TDW,장내거래
2025-04-08,2025-04-10,1.0,USD,미국,326.24,컴포트 시스템스 USA,COMFORT SYSTEMS USA,US1999081045,65953,325.98,325.98,1482.9,온라인 매수,0.26,FIX,장내거래
2025-04-08,2025-04-10,3.0,USD,미국,101.78,타이드워터,TIDEWATER INC NEW,US88642R1095,77891,33.9,101.7,1482.9,온라인 매수,0.08,TDW,장내거래
2025-04-09,2025-04-11,6.0,USD,미국,189.69,타이드워터,TIDEWATER INC NEW,US88642R1095,51334,31.59,189.54,1458.5,온라인 매수,0.15,TDW,장내거래
2025-04-23,2025-04-25,2.0,JPY,일본,4000.0,트레져팩토리,트레져팩토리,JP3637270004,109,1995.0,3990.0,1001.68,온라인 매수,10.0,3093,장내거래
2025-05-01,2025-05-07,6.0,USD,미국,102.56,앤테로 미드스트림,ANTERO MIDSTREAM CORPORATION,US03676B1026,44703,17.08,102.48,1426.6,온라인 매수,0.08,AM,장내거래
2025-05-08,2025-05-12,5.0,USD,미국,496.1,유나이티드 스테이츠 라임 앤드 미네랄스(UNITED ST..,유나이티드 스테이츠 라임 앤드 미네랄스(UNITED ST..,US9119221029,51573,99.14,495.7,1405.6,온라인 매수,0.4,USLM,장내거래
2025-05-08,2025-05-12,-11.0,USD,미국,1028.53,아치 캐피털 그룹,ARCH CAPITAL GROUP,BMG0450A1053,16948,93.58,1029.38,1405.6,온라인 매도,0.85,ACGL,장내거래
2025-05-08,2025-05-12,5.0,USD,미국,104.38,ADMA 바이오로직스,ADMA BIOLOGICS INC,US0008991046,48636,20.86,104.3,1405.6,온라인 매수,0.08,ADMA,장내거래
2025-05-13,2025-05-15,9.0,USD,미국,387.94,타이드워터,TIDEWATER INC NEW,US88642R1095,69060,43.07,387.63,1415.8,온라인 매수,0.31,TDW,장내거래
2025-05-14,2025-05-16,3.0,JPY,일본,6168.0,트레져팩토리,트레져팩토리,JP3637270004,241,2051.0,6153.0,961.96,온라인 매수,15.0,3093,장내거래
2025-05-15,2025-05-19,19.0,USD,미국,890.86,워리어 멧 콜,WARRIOR MET COAL INC,US93627C1018,65354,46.85,890.15,1394.3,온라인 매수,0.71,HCC,장내거래
2025-05-15,2025-05-19,4.0,USD,미국,412.65,유나이티드 스테이츠 라임 앤드 미네랄스(UNITED ST..,유나이티드 스테이츠 라임 앤드 미네랄스(UNITED ST..,US9119221029,66085,103.08,412.32,1394.3,온라인 매수,0.33,USLM,장내거래
2025-05-15,2025-05-19,48.0,USD,미국,898.8,앤테로 미드스트림,ANTERO MIDSTREAM CORPORATION,US03676B1026,67635,18.71,898.08,1394.3,온라인 매수,0.72,AM,장내거래
2025-05-15,2025-05-19,17.0,USD,미국,711.68,타이드워터,TIDEWATER INC NEW,US88642R1095,68277,41.83,711.11,1394.3,온라인 매수,0.57,TDW,장내거래
2025-05-16,2025-05-20,2.0,JPY,일본,4164.0,트레져팩토리,트레져팩토리,JP3637270004,122,2077.0,4154.0,964.5,온라인 매수,10.0,3093,장내거래
2025-05-20,2025-05-22,3.0,USD,미국,121.78,타이드워터,TIDEWATER INC NEW,US88642R1095,39196,40.56,121.68,1387.1,온라인 매수,0.1,TDW,장내거래
2025-05-21,2025-05-23,2.0,USD,미국,79.52,타이드워터,TIDEWATER INC NEW,US88642R1095,70681,39.73,79.46,1378.4,온라인 매수,0.06,TDW,장내거래
2025-05-22,2025-05-26,4.0,USD,미국,154.16,타이드워터,TIDEWATER INC NEW,US88642R1095,35402,38.51,154.04,1376.9,온라인 매수,0.12,TDW,장내거래
2025-05-22,2025-05-26,2.0,USD,미국,89.87,워리어 멧 콜,WARRIOR MET COAL INC,US93627C1018,60560,44.9,89.8,1376.9,온라인 매수,0.07,HCC,장내거래
2025-06-05,2025-06-09,3.0,JPY,일본,5462.0,트레져팩토리,트레져팩토리,JP3637270004,395,1816.0,5448.0,939.48,온라인 매수,14.0,3093,장내거래
2025-06-16,2025-06-18,10.0,USD,미국,481.48,타이드워터,TIDEWATER INC NEW,US88642R1095,23085,48.11,481.1,1361.7,온라인 매수,0.38,TDW,장내거래
2025-06-16,2025-06-18,10.0,USD,미국,469.98,타이드워터,TIDEWATER INC NEW,US88642R1095,64991,46.96,469.6,1361.7,온라인 매수,0.38,TDW,장내거래
2025-06-23,2025-06-25,-3.0,USD,미국,1508.75,컴포트 시스템스 USA,COMFORT SYSTEMS USA,US1999081045,44510,503.32,1509.96,1365.0,온라인 매도,1.21,FIX,장내거래
2025-06-23,2025-06-25,10.0,USD,미국,448.16,타이드워터,TIDEWATER INC NEW,US88642R1095,92468,44.78,447.8,1365.0,온라인 매수,0.36,TDW,장내거래
2025-06-24,2025-06-26,10.0,USD,미국,448.26,타이드워터,TIDEWATER INC NEW,US88642R1095,75723,44.79,447.9,1360.9,온라인 매수,0.36,TDW,장내거래
2025-06-30,2025-07-02,10.0,USD,미국,467.37,타이드워터,TIDEWATER INC NEW,US88642R1095,70905,46.7,467.0,1352.6,온라인 매수,0.37,TDW,장내거래
2025-07-01,2025-07-03,-44.0,USD,미국,1920.38,워리어 멧 콜,WARRIOR MET COAL INC,US93627C1018,28051,43.68,1921.92,1359.4,온라인 매도,1.54,HCC,장내거래
2025-07-01,2025-07-03,1.0,USD,미국,518.45,컴포트 시스템스 USA,COMFORT SYSTEMS USA,US1999081045,86317,518.04,518.04,1359.4,온라인 매수,0.41,FIX,장내거래
2025-07-02,2025-07-04,10.0,USD,미국,485.59,타이드워터,TIDEWATER INC NEW,US88642R1095,70113,48.52,485.2,1358.1,온라인 매수,0.39,TDW,장내거래
2025-07-02,2025-07-04,1.0,USD,미국,17.89,ADMA 바이오로직스,ADMA BIOLOGICS INC,US0008991046,77873,17.88,17.88,1358.1,온라인 매수,0.01,ADMA,장내거래
2025-07-02,2025-07-04,10.0,USD,미국,487.89,타이드워터,TIDEWATER INC NEW,US88642R1095,69023,48.75,487.5,1358.1,온라인 매수,0.39,TDW,장내거래
2025-07-07,2025-07-09,10.0,USD,미국,477.38,타이드워터,TIDEWATER INC NEW,US88642R1095,103724,47.7,477.0,1368.0,온라인 매수,0.38,TDW,장내거래
2025-07-09,2025-07-11,2.0,USD,미국,101.3,앰라이즈,AMRIZE AG,CH1430134226,77697,50.61,101.22,1373.0,온라인 매수,0.08,AMRZ,장내거래
2025-07-11,2025-07-15,10.0,USD,미국,528.37,타이드워터,TIDEWATER INC NEW,US88642R1095,46881,52.795,527.95,1378.5,온라인 매수,0.42,TDW,장내거래
2025-07-14,2025-07-16,9.0,USD,미국,458.065,타이드워터,TIDEWATER INC NEW,US88642R1095,57920,50.855,457.695,1382.7,온라인 매수,0.37,TDW,장내거래
2025-07-16,2025-07-18,1.0,USD,미국,47.82,타이드워터,TIDEWATER INC NEW,US88642R1095,73565,47.78,47.78,1390.8,온라인 매수,0.04,TDW,장내거래
2025-07-22,2025-07-24,8.0,USD,미국,104.92,핏라이프 브랜즈,FITLIFE BRANDS INC,US33817P4054,82198,13.105,104.84,1379.1,온라인 매수,0.08,FTLF,장내거래
2025-07-24,2025-07-28,41.0,USD,미국,102.58,오픈도어 테크놀로지스,OPENDOOR TECHNOLOGIES INC,US6837121036,48891,2.5,102.5,1376.0,온라인 매수,0.08,OPEN,장내거래
2025-07-31,2025-08-04,-1.0,USD,미국,706.45,컴포트 시스템스 USA,COMFORT SYSTEMS USA,US1999081045,14325,707.02,707.02,1399.3,온라인 매도,0.57,FIX,장내거래
2025-07-31,2025-08-04,1.0,USD,미국,100.47,유나이티드 스테이츠 라임 앤드 미네랄스(UNITED ST..,유나이티드 스테이츠 라임 앤드 미네랄스(UNITED ST..,US9119221029,50321,100.39,100.39,1399.3,온라인 매수,0.08,USLM,장내거래
2025-07-31,2025-08-04,10.0,USD,미국,498.8,타이드워터,TIDEWATER INC NEW,US88642R1095,64412,49.84,498.4,1399.3,온라인 매수,0.4,TDW,장내거래
2025-08-01,2025-08-05,1.0,USD,미국,47.78,타이드워터,TIDEWATER INC NEW,US88642R1095,62774,47.74,47.74,1384.9,온라인 매수,0.04,TDW,장내거래
2025-08-01,2025-08-05,1.0,USD,미국,47.86,타이드워터,TIDEWATER INC NEW,US88642R1095,62843,47.82,47.82,1384.9,온라인 매수,0.04,TDW,장내거래
2025-08-04,2025-08-06,18.0,USD,미국,856.76,타이드워터,TIDEWATER INC NEW,US88642R1095,68306,47.56,856.08,1386.7,온라인 매수,0.68,TDW,장내거래
2025-08-06,2025-08-08,11.0,JPY,일본,18890.0,트레져팩토리,트레져팩토리,JP3637270004,21,1713.0,18843.0,942.5,온라인 매수,47.0,3093,장내거래
2025-08-12,2025-08-14,9.0,USD,미국,151.23,핏라이프 브랜즈,FITLIFE BRANDS INC,US33817P4054,81986,16.79,151.11,1383.8,온라인 매수,0.12,FTLF,장내거래
2025-08-12,2025-08-14,3.0,USD,미국,50.41,핏라이프 브랜즈,FITLIFE BRANDS INC,US33817P4054,81997,16.79,50.37,1383.8,온라인 매수,0.04,FTLF,장내거래
2025-08-12,2025-08-14,-54.0,USD,미국,983.63,앤테로 미드스트림,ANTERO MIDSTREAM CORPORATION,US03676B1026,39852,18.23,984.42,1383.8,온라인 매도,0.79,AM,장내거래
2025-08-12,2025-08-14,10.0,USD,미국,168.03,핏라이프 브랜즈,FITLIFE BRANDS INC,US33817P4054,81967,16.79,167.9,1383.8,온라인 매수,0.13,FTLF,장내거래
2025-08-14,2025-08-18,21.0,JPY,일본,36421.0,트레져팩토리,트레져팩토리,JP3637270004,448,1730.0,36330.0,938.52,온라인 매수,91.0,3093,장내거래
2025-08-20,2025-08-22,8.0,USD,미국,404.88,앰라이즈,AMRIZE AG,CH1430134226,20878,50.57,404.56,1398.1,온라인 매수,0.32,AMRZ,장내거래
2025-08-20,2025-08-22,-2.0,USD,미국,48.56,인터내셔널 제너럴 인슈어런스 홀딩스(INTERNATIONA..,인터내셔널 제너럴 인슈어런스 홀딩스(INTERNATIONA..,BMG4809J1062,33791,24.3,48.6,1398.1,온라인 매도,0.04,IGIC,장내거래
2025-08-20,2025-08-22,-20.0,USD,미국,484.01,인터내셔널 제너럴 인슈어런스 홀딩스(INTERNATIONA..,인터내셔널 제너럴 인슈어런스 홀딩스(INTERNATIONA..,BMG4809J1062,33865,24.22,484.4,1398.1,온라인 매도,0.39,IGIC,장내거래
2025-08-20,2025-08-22,10.0,USD,미국,492.79,앰라이즈,AMRIZE AG,CH1430134226,82680,49.24,492.4,1398.1,온라인 매수,0.39,AMRZ,장내거래
2025-08-29,2025-09-03,-41.0,USD,미국,178.62,오픈도어 테크놀로지스,OPENDOOR TECHNOLOGIES INC,US6837121036,34170,4.36,178.76,1392.2,온라인 매도,0.14,OPEN,장내거래
2025-09-05,2025-09-09,31.0,USD,미국,203.985,오픈도어 테크놀로지스,OPENDOOR TECHNOLOGIES INC,US6837121036,50404,6.575,203.825,1390.4,온라인 매수,0.16,OPEN,장내거래
2025-09-08,2025-09-10,27.0,USD,미국,512.06,핏라이프 브랜즈,FITLIFE BRANDS INC,US33817P4054,102110,18.95,511.65,1386.6,온라인 매수,0.41,FTLF,장내거래
2025-09-09,2025-09-11,-5.0,USD,미국,609.51,유나이티드 스테이츠 라임 앤드 미네랄스(UNITED ST..,유나이티드 스테이츠 라임 앤드 미네랄스(UNITED ST..,US9119221029,56158,122.0,610.0,1387.6,온라인 매도,0.49,USLM,장내거래
2025-09-09,2025-09-11,6.0,USD,미국,351.13,워리어 멧 콜,WARRIOR MET COAL INC,US93627C1018,103883,58.475,350.85,1387.6,온라인 매수,0.28,HCC,장내거래
2025-09-11,2025-09-15,-31.0,USD,미국,331.74,오픈도어 테크놀로지스,OPENDOOR TECHNOLOGIES INC,US6837121036,66388,10.71,332.01,1388.7,온라인 매도,0.27,OPEN,장내거래
2025-09-15,2025-09-17,-8.0,USD,미국,1031.65,유나이티드 스테이츠 라임 앤드 미네랄스(UNITED ST..,유나이티드 스테이츠 라임 앤드 미네랄스(UNITED ST..,US9119221029,64322,129.06,1032.48,1382.3,온라인 매도,0.83,USLM,장내거래
2025-09-18,2025-09-22,26.0,USD,미국,496.74,핏라이프 브랜즈,FITLIFE BRANDS INC,US33817P4054,95741,19.09,496.34,1393.6,온라인 매수,0.4,FTLF,장내거래
2025-09-18,2025-09-22,8.0,USD,미국,517.13,워리어 멧 콜,WARRIOR MET COAL INC,US93627C1018,95716,64.59,516.72,1393.6,온라인 매수,0.41,HCC,장내거래
2025-09-19,2025-09-23,-2.0,USD,미국,255.56,유나이티드 스테이츠 라임 앤드 미네랄스(UNITED ST..,유나이티드 스테이츠 라임 앤드 미네랄스(UNITED ST..,US9119221029,43492,127.88,255.76,1394.0,온라인 매도,0.2,USLM,장내거래
2025-09-22,2025-09-24,-52.0,USD,미국,2839.01,타이드워터,TIDEWATER INC NEW,US88642R1095,70792,54.64,2841.28,1393.8,온라인 매도,2.27,TDW,장내거래
2025-09-22,2025-09-24,-1.0,USD,미국,129.91,유나이티드 스테이츠 라임 앤드 미네랄스(UNITED ST..,유나이티드 스테이츠 라임 앤드 미네랄스(UNITED ST..,US9119221029,71129,130.01,130.01,1393.8,온라인 매도,0.1,USLM,장내거래
2025-09-24,2025-09-26,18.0,USD,미국,1013.85,타이드워터,TIDEWATER INC NEW,US88642R1095,98716,56.28,1013.04,1400.4,온라인 매수,0.81,TDW,장내거래
2025-09-29,2025-10-01,10.0,USD,미국,537.63,타이드워터,TIDEWATER INC NEW,US88642R1095,111117,53.72,537.2,1403.2,온라인 매수,0.43,TDW,장내거래
2025-09-29,2025-10-01,20.0,USD,미국,398.62,핏라이프 브랜즈,FITLIFE BRANDS INC,US33817P4054,111157,19.915,398.3,1403.2,온라인 매수,0.32,FTLF,장내거래
2025-09-29,2025-10-01,6.0,USD,미국,382.03,워리어 멧 콜,WARRIOR MET COAL INC,US93627C1018,111256,63.62,381.72,1403.2,온라인 매수,0.31,HCC,장내거래
2025-10-07,2025-10-10,2000.0,USD,미국,335.896,치어 홀딩스,CHEER HOLDING INC,KYG399732042,17407,0.167,335.626,1401.9,온라인 매수,0.27,CHR,장내거래
2025-10-08,2025-10-10,-2000.0,USD,미국,373.979,치어 홀딩스,CHEER HOLDING INC,KYG399732042,31927,0.187,374.279,1401.9,온라인 매도,0.3,CHR,장내거래
2025-10-10,2025-10-15,34.0,JPY,일본,56240.0,트레져팩토리,트레져팩토리,JP3637270004,351,1650.0,56100.0,940.88,온라인 매수,140.0,3093,장내거래
2025-10-20,2025-10-22,23.0,USD,미국,423.655,핏라이프 브랜즈,FITLIFE BRANDS INC,US33817P4054,127602,18.405,423.315,1423.7,온라인 매수,0.34,FTLF,장내거래
2025-10-23,2025-10-27,10.0,JPY,일본,16752.0,트레져팩토리,트레져팩토리,JP3637270004,603,1671.0,16710.0,937.77,온라인 매수,42.0,3093,장내거래
2025-10-29,2025-10-31,1.0,USD,미국,128.04,유나이티드 스테이츠 라임 앤드 미네랄스(UNITED ST..,유나이티드 스테이츠 라임 앤드 미네랄스(UNITED ST..,US9119221029,128752,127.94,127.94,1423.2,온라인 매수,0.1,USLM,장내거래
2025-10-29,2025-10-31,-2.0,USD,미국,157.87,아이라디메드,IRADIMED CORP,US46266A1097,56825,79.0,158.0,1423.2,온라인 매도,0.13,IRMD,장내거래
2025-10-29,2025-10-31,7.0,USD,미국,887.05,유나이티드 스테이츠 라임 앤드 미네랄스(UNITED ST..,유나이티드 스테이츠 라임 앤드 미네랄스(UNITED ST..,US9119221029,128337,126.62,886.34,1423.2,온라인 매수,0.71,USLM,장내거래
2025-11-05,2025-11-07,1.0,USD,미국,112.09,유나이티드 스테이츠 라임 앤드 미네랄스(UNITED ST..,유나이티드 스테이츠 라임 앤드 미네랄스(UNITED ST..,US9119221029,86479,112.0,112.0,1445.6,온라인 매수,0.09,USLM,장내거래
2025-11-07,2025-11-11,-19.0,USD,미국,1518.59,워리어 멧 콜,WARRIOR MET COAL INC,US93627C1018,18818,79.99,1519.81,1453.7,온라인 매도,1.22,HCC,장내거래
2025-11-07,2025-11-11,2.0,USD,미국,998.68,버크셔 해서웨이 B,BERKSHIRE HATHAWAY INC,US0846707026,106239,498.94,997.88,1453.7,온라인 매수,0.8,BRK.B,장내거래
2025-11-11,2025-11-13,-36.0,USD,미국,1999.64,타이드워터,TIDEWATER INC NEW,US88642R1095,22115,55.59,2001.24,1466.4,온라인 매도,1.6,TDW,장내거래
2025-11-11,2025-11-13,-20.0,USD,미국,1129.2,타이드워터,TIDEWATER INC NEW,US88642R1095,24281,56.505,1130.1,1466.4,온라인 매도,0.9,TDW,장내거래
2025-11-11,2025-11-13,4.0,USD,미국,479.86,유나이티드 스테이츠 라임 앤드 미네랄스(UNITED ST..,유나이티드 스테이츠 라임 앤드 미네랄스(UNITED ST..,US9119221029,103846,119.87,479.48,1466.4,온라인 매수,0.38,USLM,장내거래
2025-11-11,2025-11-13,82.0,USD,미국,1999.94,SCHWAB SHORT TERM US TREASURY,SCHWAB SHORT TERM US TREASURY,US8085248628,113338,24.37,1998.34,1466.4,온라인 매수,1.6,SCHO,장내거래
2025-11-12,2025-11-14,20.0,JPY,일본,34286.0,트레져팩토리,트레져팩토리,JP3637270004,52,1710.0,34200.0,950.67,온라인 매수,86.0,3093,장내거래
2025-11-13,2025-11-17,4.0,USD,미국,484.31,유나이티드 스테이츠 라임 앤드 미네랄스(UNITED ST..,유나이티드 스테이츠 라임 앤드 미네랄스(UNITED ST..,US9119221029,91002,120.98,483.92,1458.5,온라인 매수,0.39,USLM,장내거래
2025-11-13,2025-11-17,-34.0,USD,미국,1945.96,타이드워터,TIDEWATER INC NEW,US88642R1095,66315,57.28,1947.52,1458.5,온라인 매도,1.56,TDW,장내거래
2025-11-14,2025-11-18,2.0,USD,미국,1030.28,버크셔 해서웨이 B,BERKSHIRE HATHAWAY INC,US0846707026,32083,514.73,1029.46,1458.3,온라인 매수,0.82,BRK.B,장내거래
2025-11-17,2025-11-19,21.0,JPY,일본,34210.0,트레져팩토리,트레져팩토리,JP3637270004,25,1625.0,34125.0,942.13,온라인 매수,85.0,3093,장내거래
2025-11-26,2025-11-28,30.0,JPY,일본,49925.0,트레져팩토리,트레져팩토리,JP3637270004,291,1660.0,49800.0,937.29,온라인 매수,125.0,3093,장내거래
2025-11-27,2025-12-01,29.0,JPY,일본,48115.0,트레져팩토리,트레져팩토리,JP3637270004,64,1655.0,47995.0,939.47,온라인 매수,120.0,3093,장내거래
2025-12-04,2025-12-08,8.0,JPY,일본,12808.0,트레져팩토리,트레져팩토리,JP3637270004,64,1597.0,12776.0,948.09,온라인 매수,32.0,3093,장내거래
2025-12-08,2025-12-10,36.0,USD,미국,470.18,플래닛 랩스,PLANET LABS PBC,US72703X1063,27095,13.05,469.8,1470.4,온라인 매수,0.38,PL,장내거래
2025-12-10,2025-12-12,-31.0,USD,미국,507.68,핏라이프 브랜즈,FITLIFE BRANDS INC,US33817P4054,17406,16.39,508.09,1469.5,온라인 매도,0.41,FTLF,장내거래
2025-12-10,2025-12-12,-36.0,USD,미국,512.59,플래닛 랩스,PLANET LABS PBC,US72703X1063,35044,14.25,513.0,1469.5,온라인 매도,0.41,PL,장내거래
2025-12-15,2025-12-17,4.0,USD,미국,96.8,캐털리스트 파머슈티컬스(CATALYST PHARMACEUTICALS..,캐털리스트 파머슈티컬스(CATALYST PHARMACEUTICALS..,US14888U1016,158865,24.18,96.72,1472.4,온라인 매수,0.08,CPRX,장내거래
2025-12-16,2025-12-18,4.0,USD,미국,213.53,타이드워터,TIDEWATER INC NEW,US88642R1095,110233,53.34,213.36,1478.6,온라인 매수,0.17,TDW,장내거래
2025-12-16,2025-12-18,6.0,USD,미국,318.55,타이드워터,TIDEWATER INC NEW,US88642R1095,129765,53.05,318.3,1478.6,온라인 매수,0.25,TDW,장내거래
2025-12-18,2025-12-22,5.0,USD,미국,254.2,타이드워터,TIDEWATER INC NEW,US88642R1095,107727,50.8,254.0,1477.8,온라인 매수,0.2,TDW,장내거래
2025-12-19,2025-12-23,-4.0,USD,미국,1996.2,버크셔 해서웨이 B,BERKSHIRE HATHAWAY INC,US0846707026,37386,499.45,1997.8,1478.9,온라인 매도,1.6,BRK.B,장내거래
2025-12-22,2025-12-24,-6.0,USD,미국,119.18,ADMA 바이오로직스,ADMA BIOLOGICS INC,US0008991046,46481,19.88,119.28,1483.4,온라인 매도,0.1,ADMA,장내거래
2025-12-31,2026-01-05,-20.0,USD,미국,1089.03,앰라이즈,AMRIZE AG,CH1430134226,13633,54.495,1089.9,1442.1,온라인 매도,0.87,AMRZ,장내거래
2026-01-02,2026-01-06,8.0,USD,미국,184.71,캐털리스트 파머슈티컬스(CATALYST PHARMACEUTICALS..,캐털리스트 파머슈티컬스(CATALYST PHARMACEUTICALS..,US14888U1016,111935,23.07,184.56,1446.8,온라인 매수,0.15,CPRX,장내거래
2026-01-05,2026-01-07,9.0,USD,미국,205.855,캐털리스트 파머슈티컬스(CATALYST PHARMACEUTICALS..,캐털리스트 파머슈티컬스(CATALYST PHARMACEUTICALS..,US14888U1016,83166,22.855,205.695,1445.7,온라인 매수,0.16,CPRX,장내거래
2026-01-06,2026-01-08,9.0,USD,미국,199.69,캐털리스트 파머슈티컬스(CATALYST PHARMACEUTICALS..,캐털리스트 파머슈티컬스(CATALYST PHARMACEUTICALS..,US14888U1016,75776,22.17,199.53,1448.3,온라인 매수,0.16,CPRX,장내거래
2026-01-07,2026-01-09,18.0,USD,미국,411.99,캐털리스트 파머슈티컬스(CATALYST PHARMACEUTICALS..,캐털리스트 파머슈티컬스(CATALYST PHARMACEUTICALS..,US14888U1016,77836,22.87,411.66,1449.4,온라인 매수,0.33,CPRX,장내거래
2026-01-07,2026-01-09,11.0,USD,미국,1000.7,워리어 멧 콜,WARRIOR MET COAL INC,US93627C1018,78387,90.9,999.9,1449.4,온라인 매수,0.8,HCC,장내거래
2026-02-05,2026-02-09,15.0,USD,미국,379.95,캐털리스트 파머슈티컬스(CATALYST PHARMACEUTICALS..,캐털리스트 파머슈티컬스(CATALYST PHARMACEUTICALS..,US14888U1016,83571,25.31,379.65,1470.3,온라인 매수,0.3,CPRX,장내거래
2026-02-12,2026-02-19,11.0,USD,미국,950.83,워리어 멧 콜,WARRIOR MET COAL INC,US93627C1018,90034,86.37,950.07,1443.1,온라인 매수,0.76,HCC,장내거래
2026-02-27,2026-03-03,-10.0,USD,미국,827.84,워리어 멧 콜,WARRIOR MET COAL INC,US93627C1018,12490,82.85,828.5,1435.4,온라인 매도,0.66,HCC,장내거래
2026-02-27,2026-03-03,40.0,USD,미국,1000.0,캐털리스트 파머슈티컬스(CATALYST PHARMACEUTICALS..,캐털리스트 파머슈티컬스(CATALYST PHARMACEUTICALS..,US14888U1016,64262,24.98,999.2,1435.4,온라인 매수,0.8,CPRX,장내거래
2026-03-03,2026-03-05,16.0,USD,미국,384.95,캐털리스트 파머슈티컬스(CATALYST PHARMACEUTICALS..,캐털리스트 파머슈티컬스(CATALYST PHARMACEUTICALS..,US14888U1016,94498,24.04,384.64,1478.8,온라인 매수,0.31,CPRX,장내거래
2026-03-10,2026-03-12,-82.0,USD,미국,1992.64,SCHWAB SHORT TERM US TREASURY,SCHWAB SHORT TERM US TREASURY,US8085248628,35535,24.32,1994.24,1467.3,온라인 매도,1.6,SCHO,장내거래
2026-03-12,2026-03-16,4.0,USD,미국,199.58,이투란 로케이션 앤드 콘트롤(ITURAN LOCATION & CO..,이투란 로케이션 앤드 콘트롤(ITURAN LOCATION & CO..,IL0010818685,58994,49.855,199.42,1489.5,온라인 매수,0.16,ITRN,장내거래
2026-03-13,2026-03-17,-13.0,USD,미국,997.86,타이드워터,TIDEWATER INC NEW,US88642R1095,22239,76.82,998.66,1496.0,온라인 매도,0.8,TDW,장내거래
2026-03-13,2026-03-17,4.0,USD,미국,338.43,워리어 멧 콜,WARRIOR MET COAL INC,US93627C1018,76554,84.54,338.16,1496.0,온라인 매수,0.27,HCC,장내거래
2026-03-13,2026-03-17,-95.0,USD,미국,1315.65,핏라이프 브랜즈,FITLIFE BRANDS INC,US33817P4054,21991,13.86,1316.7,1496.0,온라인 매도,1.05,FTLF,장내거래
2026-03-16,2026-03-18,4.0,USD,미국,202.8,이투란 로케이션 앤드 콘트롤(ITURAN LOCATION & CO..,이투란 로케이션 앤드 콘트롤(ITURAN LOCATION & CO..,IL0010818685,87028,50.66,202.64,1491.6,온라인 매수,0.16,ITRN,장내거래
2026-03-17,2026-03-19,4.0,USD,미국,205.6,이투란 로케이션 앤드 콘트롤(ITURAN LOCATION & CO..,이투란 로케이션 앤드 콘트롤(ITURAN LOCATION & CO..,IL0010818685,75526,51.36,205.44,1486.0,온라인 매수,0.16,ITRN,장내거래
2026-03-18,2026-03-20,4.0,USD,미국,203.24,이투란 로케이션 앤드 콘트롤(ITURAN LOCATION & CO..,이투란 로케이션 앤드 콘트롤(ITURAN LOCATION & CO..,IL0010818685,85672,50.77,203.08,1499.7,온라인 매수,0.16,ITRN,장내거래
2026-03-19,2026-03-23,-19.0,USD,미국,614.54,플래닛 랩스,PLANET LABS PBC,US72703X1063,25972,32.37,615.03,1494.9,온라인 매도,0.49,PL,장내거래
2026-03-19,2026-03-23,19.0,USD,미국,503.14,플래닛 랩스,PLANET LABS PBC,US72703X1063,82581,26.46,502.74,1494.9,온라인 매수,0.4,PL,장내거래
2026-03-19,2026-03-23,4.0,USD,미국,203.04,이투란 로케이션 앤드 콘트롤(ITURAN LOCATION & CO..,이투란 로케이션 앤드 콘트롤(ITURAN LOCATION & CO..,IL0010818685,83004,50.72,202.88,1494.9,온라인 매수,0.16,ITRN,장내거래
2026-03-20,2026-03-24,-9.0,USD,미국,1056.74,유나이티드 스테이츠 라임 앤드 미네랄스(UNITED ST..,유나이티드 스테이츠 라임 앤드 미네랄스(UNITED ST..,US9119221029,19975,117.51,1057.59,1509.6,온라인 매도,0.85,USLM,장내거래
2026-03-20,2026-03-24,4.0,USD,미국,198.76,이투란 로케이션 앤드 콘트롤(ITURAN LOCATION & CO..,이투란 로케이션 앤드 콘트롤(ITURAN LOCATION & CO..,IL0010818685,76615,49.65,198.6,1509.6,온라인 매수,0.16,ITRN,장내거래
2026-03-23,2026-03-25,-4.0,USD,미국,481.23,유나이티드 스테이츠 라임 앤드 미네랄스(UNITED ST..,유나이티드 스테이츠 라임 앤드 미네랄스(UNITED ST..,US9119221029,17008,120.405,481.62,1498.3,온라인 매도,0.39,USLM,장내거래
2026-03-23,2026-03-25,4.0,USD,미국,202.0,이투란 로케이션 앤드 콘트롤(ITURAN LOCATION & CO..,이투란 로케이션 앤드 콘트롤(ITURAN LOCATION & CO..,IL0010818685,66356,50.46,201.84,1498.3,온라인 매수,0.16,ITRN,장내거래
2026-03-24,2026-03-26,4.0,USD,미국,204.64,이투란 로케이션 앤드 콘트롤(ITURAN LOCATION & CO..,이투란 로케이션 앤드 콘트롤(ITURAN LOCATION & CO..,IL0010818685,66707,51.12,204.48,1495.6,온라인 매수,0.16,ITRN,장내거래
2026-03-25,2026-03-27,4.0,USD,미국,210.13,이투란 로케이션 앤드 콘트롤(ITURAN LOCATION & CO..,이투란 로케이션 앤드 콘트롤(ITURAN LOCATION & CO..,IL0010818685,56726,52.49,209.96,1506.2,온라인 매수,0.17,ITRN,장내거래
2026-03-25,2026-03-27,-3.0,USD,미국,374.4,유나이티드 스테이츠 라임 앤드 미네랄스(UNITED ST..,유나이티드 스테이츠 라임 앤드 미네랄스(UNITED ST..,US9119221029,13240,124.9,374.7,1506.2,온라인 매도,0.3,USLM,장내거래
2026-03-26,2026-03-30,4.0,USD,미국,211.69,이투란 로케이션 앤드 콘트롤(ITURAN LOCATION & CO..,이투란 로케이션 앤드 콘트롤(ITURAN LOCATION & CO..,IL0010818685,57954,52.88,211.52,1508.1,온라인 매수,0.17,ITRN,장내거래
2026-03-27,2026-03-31,4.0,USD,미국,206.16,이투란 로케이션 앤드 콘트롤(ITURAN LOCATION & CO..,이투란 로케이션 앤드 콘트롤(ITURAN LOCATION & CO..,IL0010818685,58006,51.5,206.0,1513.4,온라인 매수,0.16,ITRN,장내거래
2026-03-30,2026-04-01,-8.0,USD,미국,758.23,워리어 멧 콜,WARRIOR MET COAL INC,US93627C1018,28017,94.855,758.84,1530.5,온라인 매도,0.61,HCC,장내거래
2026-04-20,2026-04-22,-12.0,USD,미국,1033.3,타이드워터,TIDEWATER INC NEW,US88642R1095,39462,86.18,1034.16,1470.8,온라인 매도,0.86,TDW,장내거래
2026-04-22,2026-04-24,-19.0,USD,미국,1616.33,타이드워터,TIDEWATER INC NEW,US88642R1095,27543,85.14,1617.66,1480.6,온라인 매도,1.33,TDW,장내거래
2026-04-22,2026-04-24,8.0,USD,미국,711.09,워리어 멧 콜,WARRIOR MET COAL INC,US93627C1018,78189,88.815,710.52,1480.6,온라인 매수,0.57,HCC,장내거래
2026-04-24,2026-04-28,1.0,USD,미국,122.45,배저 미터,BADGER METER INC,US0565251081,88190,122.35,122.35,1473.1,온라인 매수,0.1,BMI,장내거래
2026-04-24,2026-04-28,1.0,USD,미국,44.63,램 웨스턴 홀딩스,LAMB WESTON HLDGS INC,US5132721045,88206,44.59,44.59,1473.1,온라인 매수,0.04,LW,장내거래
2026-04-24,2026-04-28,1.0,USD,미국,95.33,레나,LENNAR CORP,US5260571048,89565,95.25,95.25,1473.1,온라인 매수,0.08,LEN,장내거래
2026-04-24,2026-04-28,6.0,USD,미국,520.08,워리어 멧 콜,WARRIOR MET COAL INC,US93627C1018,97225,86.61,519.66,1473.1,온라인 매수,0.42,HCC,장내거래
2026-04-27,2026-04-29,9.0,USD,미국,513.32,이투란 로케이션 앤드 콘트롤(ITURAN LOCATION & CO..,이투란 로케이션 앤드 콘트롤(ITURAN LOCATION & CO..,IL0010818685,110607,56.99,512.91,1473.3,온라인 매수,0.41,ITRN,장내거래
2026-04-27,2026-04-30,38.0,JPY,일본,64000.0,트레져팩토리,트레져팩토리,JP3637270004,57,1680.0,63840.0,920.58,온라인 매수,160.0,3093,장내거래
2026-04-30,2026-05-04,100.0,USD,미국,491.39,아이덴티브,IDENTIV INC,US45170X2053,70734,4.91,491.0,1484.8,온라인 매수,0.39,INVE,장내거래
2026-04-30,2026-05-07,7.0,JPY,일본,11888.0,트레져팩토리,트레져팩토리,JP3637270004,187,1694.0,11858.0,931.82,온라인 매수,30.0,3093,장내거래
